/*
 Navicat Premium Data Transfer

 Source Server         : localhost
 Source Server Type    : MySQL
 Source Server Version : 80018
 Source Host           : localhost:3306
 Source Schema         : mecs

 Target Server Type    : MySQL
 Target Server Version : 80018
 File Encoding         : 65001

 Date: 25/07/2020 12:32:09
*/

SET NAMES utf8mb4;
SET FOREIGN_KEY_CHECKS = 0;

-- ----------------------------
-- Table structure for t_account
-- ----------------------------
DROP TABLE IF EXISTS `t_account`;
CREATE TABLE `t_account`  (
  `ACC_ID` int(10) NOT NULL AUTO_INCREMENT COMMENT '对账ID',
  `ACC_CA_NUMBER` varchar(50) CHARACTER SET utf8mb4 COLLATE utf8mb4_0900_ai_ci NULL DEFAULT NULL COMMENT '卡号',
  `ACC_TYPE` int(2) NULL DEFAULT NULL COMMENT '类型',
  `ACC_REMARK` varchar(500) CHARACTER SET utf8mb4 COLLATE utf8mb4_0900_ai_ci NULL DEFAULT NULL COMMENT '描述',
  `ACC_MONEY` decimal(8, 2) NULL DEFAULT NULL COMMENT '金额',
  `ACC_MEMO` varchar(255) CHARACTER SET utf8mb4 COLLATE utf8mb4_0900_ai_ci NULL DEFAULT NULL COMMENT '备注',
  `ACC_CREATE_TIME` datetime(0) NULL DEFAULT NULL COMMENT '创建时间',
  PRIMARY KEY (`ACC_ID`) USING BTREE
) ENGINE = InnoDB AUTO_INCREMENT = 23 CHARACTER SET = utf8mb4 COLLATE = utf8mb4_0900_ai_ci COMMENT = '对账表' ROW_FORMAT = Dynamic;

-- ----------------------------
-- Records of t_account
-- ----------------------------
INSERT INTO `t_account` VALUES (1, 'FZ00000005', 1, '开卡的时候，操作的收费员ID为：1操作的收费员账号为：SUPER', 10.00, NULL, '2020-03-08 12:22:21');
INSERT INTO `t_account` VALUES (2, 'FZ00000001', 0, '操作账号为：SUPER', 1000.00, NULL, '2020-03-08 12:29:56');
INSERT INTO `t_account` VALUES (3, 'FZ00000001', 1, '进行了[7234951871]结算,结算人为[超级管理员]', 975.00, NULL, '2020-03-08 13:27:48');
INSERT INTO `t_account` VALUES (4, 'FZ00000001', 0, '体检退费', 224.00, NULL, '2020-03-08 20:58:12');
INSERT INTO `t_account` VALUES (5, 'FZ00000001', 0, '操作账号为：SUPER', 1000.00, NULL, '2020-03-08 21:13:58');
INSERT INTO `t_account` VALUES (6, 'FZ00000001', 1, '进行了[2515658661]结算,结算人为[超级管理员]', 257.00, NULL, '2020-03-08 21:14:06');
INSERT INTO `t_account` VALUES (7, 'FZ00000001', 1, '进行了[6289729022]结算,结算人为[超级管理员]', 10.00, NULL, '2020-03-08 21:14:12');
INSERT INTO `t_account` VALUES (8, 'FZ00000001', 0, '体检退费', 41.00, NULL, '2020-03-08 21:14:26');
INSERT INTO `t_account` VALUES (9, 'FZ00000001', 0, '体检退费', 216.00, NULL, '2020-03-08 21:14:32');
INSERT INTO `t_account` VALUES (10, 'FZ00000001', 0, '体检退费', 10.00, NULL, '2020-03-08 21:14:35');
INSERT INTO `t_account` VALUES (11, 'FZ00000001', 0, '向卡号[FZ00000001]自助充值了[10]元,账单号为[575349500383481]', 10.00, NULL, '2020-03-18 09:13:49');
INSERT INTO `t_account` VALUES (12, 'FZ00000001', 0, '对体检号为[3351893350]自助结算,消费了[1117]元', 1117.00, NULL, '2020-03-18 15:37:57');
INSERT INTO `t_account` VALUES (13, 'FZ00000006', 1, '开卡的时候，操作的收费员ID为：1操作的收费员账号为：SUPER', 10.00, NULL, '2020-04-11 21:06:44');
INSERT INTO `t_account` VALUES (14, 'FZ00000006', 0, '向卡号[FZ00000006]自助充值了[10]元,账单号为[942067866857843]', 10.00, NULL, '2020-04-11 21:19:35');
INSERT INTO `t_account` VALUES (15, 'FZ00000006', 0, '对体检号为[0889484778]自助结算,消费了[10]元', 10.00, NULL, '2020-04-11 21:19:48');
INSERT INTO `t_account` VALUES (16, 'FZ00000006', 0, '操作账号为：SUPER', 10000.00, NULL, '2020-04-11 21:26:52');
INSERT INTO `t_account` VALUES (17, 'FZ00000006', 1, '进行了[9438273454]结算,结算人为[超级管理员]', 1204.00, NULL, '2020-04-11 21:26:57');
INSERT INTO `t_account` VALUES (18, 'FZ00000001', 0, '操作账号为：SUPER', 1000.00, NULL, '2020-04-17 22:15:26');
INSERT INTO `t_account` VALUES (19, 'FZ00000001', 1, '进行了[6304564957]结算,结算人为[超级管理员]', 336.00, NULL, '2020-04-17 22:15:36');
INSERT INTO `t_account` VALUES (20, 'FZ00000007', 1, '开卡的时候，操作的收费员ID为：1操作的收费员账号为：SUPER', 10.00, NULL, '2020-05-17 21:47:49');
INSERT INTO `t_account` VALUES (21, 'FZ00000007', 0, '向卡号[FZ00000007]自助充值了[1000]元,账单号为[751075156436497]', 1000.00, NULL, '2020-05-17 21:51:48');
INSERT INTO `t_account` VALUES (22, 'FZ00000007', 0, '对体检号为[9769386821]自助结算,消费了[975]元', 975.00, NULL, '2020-05-17 21:52:05');
INSERT INTO `t_account` VALUES (23, 'FZ00000007', 0, '对体检号为[0670325428]自助结算,消费了[10]元', 10.00, NULL, '2020-05-17 22:09:44');

-- ----------------------------
-- Table structure for t_account_order
-- ----------------------------
DROP TABLE IF EXISTS `t_account_order`;
CREATE TABLE `t_account_order`  (
  `AO_ID` int(10) NOT NULL AUTO_INCREMENT COMMENT '账单ID',
  `AO_NUMBER` varchar(20) CHARACTER SET utf8mb4 COLLATE utf8mb4_0900_ai_ci NULL DEFAULT NULL COMMENT '订单号',
  `AO_NAME` varchar(255) CHARACTER SET utf8mb4 COLLATE utf8mb4_0900_ai_ci NULL DEFAULT NULL COMMENT '订单名称',
  `AO_PAY` decimal(8, 2) NULL DEFAULT NULL COMMENT '付款金额',
  `AO_REMARK` varchar(255) CHARACTER SET utf8mb4 COLLATE utf8mb4_0900_ai_ci NULL DEFAULT NULL COMMENT '商品描述',
  `AO_CA_NUMBER` varchar(256) CHARACTER SET utf8mb4 COLLATE utf8mb4_0900_ai_ci NULL DEFAULT NULL COMMENT '卡号',
  `AO_CREATE_TIME` datetime(0) NULL DEFAULT NULL COMMENT '创建时间',
  `AO_FINISH_TIME` datetime(0) NULL DEFAULT NULL COMMENT '完成时间',
  PRIMARY KEY (`AO_ID`) USING BTREE
) ENGINE = InnoDB AUTO_INCREMENT = 4 CHARACTER SET = utf8mb4 COLLATE = utf8mb4_0900_ai_ci COMMENT = '账单表' ROW_FORMAT = Dynamic;

-- ----------------------------
-- Records of t_account_order
-- ----------------------------
INSERT INTO `t_account_order` VALUES (2, '575349500383481', '自助充值', 10.00, '自助充值[10元]', 'FZ00000001', '2020-03-18 09:13:49', '2020-03-18 09:13:49');
INSERT INTO `t_account_order` VALUES (3, '942067866857843', '自助充值', 10.00, '自助充值[10元]', 'FZ00000006', '2020-04-11 21:19:35', '2020-04-11 21:19:35');
INSERT INTO `t_account_order` VALUES (4, '751075156436497', '自助充值', 1000.00, '自助充值[1000元]', 'FZ00000007', '2020-05-17 21:51:48', '2020-05-17 21:51:48');

-- ----------------------------
-- Table structure for t_admin
-- ----------------------------
DROP TABLE IF EXISTS `t_admin`;
CREATE TABLE `t_admin`  (
  `AD_ID` int(10) NOT NULL AUTO_INCREMENT COMMENT '人员ID',
  `AD_NAME` varchar(255) CHARACTER SET utf8mb4 COLLATE utf8mb4_0900_ai_ci NULL DEFAULT NULL COMMENT '人员姓名',
  `AD_ACCOUNT` varchar(255) CHARACTER SET utf8mb4 COLLATE utf8mb4_0900_ai_ci NULL DEFAULT NULL COMMENT '登陆账号',
  `AD_PSWD` varchar(255) CHARACTER SET utf8mb4 COLLATE utf8mb4_0900_ai_ci NULL DEFAULT NULL COMMENT '登陆密码',
  `AD_DEP_ID` int(10) NULL DEFAULT NULL COMMENT '科室ID',
  `AD_STATE` int(2) NULL DEFAULT NULL COMMENT '状态',
  `AD_MEMO` varchar(255) CHARACTER SET utf8mb4 COLLATE utf8mb4_0900_ai_ci NULL DEFAULT NULL COMMENT '备注',
  `AD_CREATE_TIME` datetime(0) NULL DEFAULT NULL COMMENT '创建时间',
  `AD_UPDATE_TIME` datetime(0) NULL DEFAULT NULL COMMENT '修改时间',
  PRIMARY KEY (`AD_ID`) USING BTREE
) ENGINE = InnoDB AUTO_INCREMENT = 15 CHARACTER SET = utf8mb4 COLLATE = utf8mb4_0900_ai_ci COMMENT = '管理人员表' ROW_FORMAT = Dynamic;

-- ----------------------------
-- Records of t_admin
-- ----------------------------
INSERT INTO `t_admin` VALUES (1, '超级管理员', 'SUPER', '123456', 3, 1, NULL, '2020-02-23 12:23:23', '2020-03-08 17:55:42');
INSERT INTO `t_admin` VALUES (2, '王内科医生', 'neike120', '123456', 4, 1, NULL, '2020-02-23 12:23:23', '2020-02-23 12:23:23');
INSERT INTO `t_admin` VALUES (4, '张放射科医生1', 'fangshe120', '123456', 2, 1, NULL, '2020-02-23 12:23:23', '2020-03-07 10:52:06');
INSERT INTO `t_admin` VALUES (5, '许妇科医生', 'fuke120', '123456', 2, 1, NULL, '2020-02-23 12:23:23', '2020-02-23 12:23:23');
INSERT INTO `t_admin` VALUES (6, '范皮肤科医生', 'pifu120', '123456', 3, 1, NULL, '2020-02-23 12:23:23', '2020-02-23 12:23:23');
INSERT INTO `t_admin` VALUES (7, '李血液科医生', 'xueye120', '123456', 6, 1, NULL, '2020-02-23 12:23:23', '2020-02-23 12:23:23');
INSERT INTO `t_admin` VALUES (8, '祝收费员', 'shoufei120', '123456', 8, 1, NULL, '2020-02-23 12:23:23', '2020-02-23 12:23:23');
INSERT INTO `t_admin` VALUES (9, '开单员', 'kaidan120', '123456', 7, 1, NULL, '2020-02-23 12:23:23', '2020-02-23 12:23:23');
INSERT INTO `t_admin` VALUES (11, '总检员', 'zongjian120', '123456', 7, 1, NULL, '2020-02-23 12:23:23', '2020-02-23 12:23:23');
INSERT INTO `t_admin` VALUES (12, '张三', 'test222', '123456', 8, 1, NULL, '2020-03-07 11:04:18', '2020-03-07 11:04:18');
INSERT INTO `t_admin` VALUES (13, '测试', 'ceshi', '123456', 7, 1, NULL, '2020-04-11 10:58:53', '2020-04-11 10:58:53');
INSERT INTO `t_admin` VALUES (14, '外医生', 'waiyisheng', '123456', 5, 1, NULL, '2020-04-11 21:43:00', '2020-04-11 21:43:53');
INSERT INTO `t_admin` VALUES (15, 'SUPER', 'shishi', '123456', 7, 1, NULL, '2020-04-17 16:09:47', '2020-04-17 16:11:59');

-- ----------------------------
-- Table structure for t_admin_role_link
-- ----------------------------
DROP TABLE IF EXISTS `t_admin_role_link`;
CREATE TABLE `t_admin_role_link`  (
  `ARL_ID` int(10) NOT NULL AUTO_INCREMENT COMMENT '人员角色关系ID',
  `ARL_AD_ID` int(10) NULL DEFAULT NULL COMMENT '人员ID',
  `ARL_RO_ID` int(10) NULL DEFAULT NULL COMMENT '角色ID',
  PRIMARY KEY (`ARL_ID`) USING BTREE
) ENGINE = InnoDB AUTO_INCREMENT = 39 CHARACTER SET = utf8mb4 COLLATE = utf8mb4_0900_ai_ci COMMENT = '人员角色关系表' ROW_FORMAT = Dynamic;

-- ----------------------------
-- Records of t_admin_role_link
-- ----------------------------
INSERT INTO `t_admin_role_link` VALUES (2, 2, 3);
INSERT INTO `t_admin_role_link` VALUES (5, 5, 3);
INSERT INTO `t_admin_role_link` VALUES (6, 6, 3);
INSERT INTO `t_admin_role_link` VALUES (7, 7, 3);
INSERT INTO `t_admin_role_link` VALUES (8, 8, 2);
INSERT INTO `t_admin_role_link` VALUES (9, 9, 7);
INSERT INTO `t_admin_role_link` VALUES (11, 11, 5);
INSERT INTO `t_admin_role_link` VALUES (22, 4, 3);
INSERT INTO `t_admin_role_link` VALUES (23, NULL, 2);
INSERT INTO `t_admin_role_link` VALUES (26, 1, 1);
INSERT INTO `t_admin_role_link` VALUES (27, 1, 3);
INSERT INTO `t_admin_role_link` VALUES (28, 13, 9);
INSERT INTO `t_admin_role_link` VALUES (29, 13, 10);
INSERT INTO `t_admin_role_link` VALUES (31, NULL, 3);
INSERT INTO `t_admin_role_link` VALUES (32, 14, 3);
INSERT INTO `t_admin_role_link` VALUES (38, 15, 9);
INSERT INTO `t_admin_role_link` VALUES (39, 15, 10);

-- ----------------------------
-- Table structure for t_card
-- ----------------------------
DROP TABLE IF EXISTS `t_card`;
CREATE TABLE `t_card`  (
  `CA_ID` int(10) NOT NULL AUTO_INCREMENT COMMENT '卡ID',
  `CA_NUMBER` varchar(50) CHARACTER SET utf8mb4 COLLATE utf8mb4_0900_ai_ci NULL DEFAULT NULL COMMENT '卡号',
  `CA_USER_ID` int(10) NULL DEFAULT NULL COMMENT '体检人员ID',
  `CA_BALANCE` decimal(8, 2) NULL DEFAULT NULL COMMENT '余额',
  `CA_STATE` int(2) NULL DEFAULT NULL COMMENT '状态',
  `CA_STORE_ADMIN_ID` int(10) NULL DEFAULT NULL COMMENT '入库人ID',
  `CA_SELL_ADMIN_ID` int(10) NULL DEFAULT NULL COMMENT '售卡人ID',
  `CA_MEMO` varchar(255) CHARACTER SET utf8mb4 COLLATE utf8mb4_0900_ai_ci NULL DEFAULT NULL COMMENT '备注',
  `CA_CREATE_DATE` datetime(0) NULL DEFAULT NULL COMMENT '入库时间',
  `CA_UPDATE_DATE` datetime(0) NULL DEFAULT NULL COMMENT '售卡时间',
  PRIMARY KEY (`CA_ID`) USING BTREE
) ENGINE = InnoDB AUTO_INCREMENT = 127 CHARACTER SET = utf8mb4 COLLATE = utf8mb4_0900_ai_ci COMMENT = '体检卡表' ROW_FORMAT = Dynamic;

-- ----------------------------
-- Records of t_card
-- ----------------------------
INSERT INTO `t_card` VALUES (1, 'FZ00000001', 1, 781.00, 1, 1, 10, NULL, '2019-08-10 12:23:26', '2019-08-10 12:23:26');
INSERT INTO `t_card` VALUES (2, 'FZ00000002', 2, 200.00, 1, 1, 10, NULL, '2019-08-10 12:23:26', '2019-08-10 12:23:26');
INSERT INTO `t_card` VALUES (3, 'FZ00000003', 3, 999.00, 1, 1, 10, NULL, '2019-08-10 12:23:26', '2019-08-10 12:23:26');
INSERT INTO `t_card` VALUES (4, 'FZ00000004', 4, 600.00, 1, 1, 10, NULL, '2019-08-10 12:23:26', '2019-08-10 12:23:26');
INSERT INTO `t_card` VALUES (5, 'FZ00000005', 8, 0.00, 1, NULL, 1, NULL, '2019-08-10 12:23:26', '2020-03-08 12:22:18');
INSERT INTO `t_card` VALUES (6, 'FZ00000006', 9, 8796.00, 1, NULL, 1, NULL, '2019-08-10 12:23:26', '2020-04-11 21:06:44');
INSERT INTO `t_card` VALUES (7, 'FZ00000007', 10, 15.00, 1, NULL, 1, NULL, '2019-08-10 12:23:26', '2020-05-17 21:47:49');
INSERT INTO `t_card` VALUES (8, 'FZ00000008', NULL, NULL, 0, NULL, NULL, NULL, '2019-08-10 12:23:26', NULL);
INSERT INTO `t_card` VALUES (9, 'FZ00000009', NULL, NULL, 0, NULL, NULL, NULL, '2019-08-10 12:23:26', NULL);
INSERT INTO `t_card` VALUES (10, 'FZ00000010', NULL, NULL, 0, NULL, NULL, NULL, '2019-08-10 12:23:26', NULL);
INSERT INTO `t_card` VALUES (11, 'FZ00000011', NULL, NULL, 0, NULL, NULL, NULL, '2019-08-10 12:23:26', NULL);
INSERT INTO `t_card` VALUES (12, 'FZ00000012', NULL, NULL, 0, NULL, NULL, NULL, '2019-08-10 12:23:26', NULL);
INSERT INTO `t_card` VALUES (13, 'FZ00000013', NULL, NULL, 0, NULL, NULL, NULL, '2019-08-10 12:23:26', NULL);
INSERT INTO `t_card` VALUES (14, 'FZ00000014', NULL, NULL, 0, NULL, NULL, NULL, '2019-08-10 12:23:26', NULL);
INSERT INTO `t_card` VALUES (15, 'FZ00000015', NULL, NULL, 0, NULL, NULL, NULL, '2019-08-10 12:23:26', NULL);
INSERT INTO `t_card` VALUES (16, 'FZ00000016', NULL, NULL, 0, NULL, NULL, NULL, '2019-08-10 12:23:26', NULL);
INSERT INTO `t_card` VALUES (17, 'FZ00000017', NULL, NULL, 0, NULL, NULL, NULL, '2019-08-10 12:23:26', NULL);
INSERT INTO `t_card` VALUES (18, 'FZ00000018', NULL, NULL, 0, NULL, NULL, NULL, '2019-08-10 12:23:26', NULL);
INSERT INTO `t_card` VALUES (19, 'FZ00000019', NULL, NULL, 0, NULL, NULL, NULL, '2019-08-10 12:23:26', NULL);
INSERT INTO `t_card` VALUES (21, 'FZ00000020', NULL, NULL, 0, 1, NULL, NULL, '2020-03-06 23:36:34', NULL);
INSERT INTO `t_card` VALUES (22, 'FZ00000021', NULL, NULL, 0, 1, NULL, NULL, '2020-03-06 23:36:34', NULL);
INSERT INTO `t_card` VALUES (23, 'FZ00000022', NULL, NULL, 0, 1, NULL, NULL, '2020-03-06 23:36:34', NULL);
INSERT INTO `t_card` VALUES (24, 'FZ00000023', NULL, NULL, 0, 1, NULL, NULL, '2020-03-06 23:36:34', NULL);
INSERT INTO `t_card` VALUES (25, 'FZ00000024', NULL, NULL, 0, 1, NULL, NULL, '2020-03-06 23:36:34', NULL);
INSERT INTO `t_card` VALUES (26, 'FZ00000025', NULL, NULL, 0, 1, NULL, NULL, '2020-03-06 23:36:34', NULL);
INSERT INTO `t_card` VALUES (27, 'FZ00000100', NULL, NULL, 0, 1, NULL, NULL, '2020-04-11 10:40:25', NULL);
INSERT INTO `t_card` VALUES (28, 'FZ00000101', NULL, NULL, 0, 1, NULL, NULL, '2020-04-11 10:40:25', NULL);
INSERT INTO `t_card` VALUES (29, 'FZ00000102', NULL, NULL, 0, 1, NULL, NULL, '2020-04-11 10:40:25', NULL);
INSERT INTO `t_card` VALUES (30, 'FZ00000103', NULL, NULL, 0, 1, NULL, NULL, '2020-04-11 10:40:25', NULL);
INSERT INTO `t_card` VALUES (31, 'FZ00000104', NULL, NULL, 0, 1, NULL, NULL, '2020-04-11 10:40:25', NULL);
INSERT INTO `t_card` VALUES (32, 'FZ00000105', NULL, NULL, 0, 1, NULL, NULL, '2020-04-11 10:40:25', NULL);
INSERT INTO `t_card` VALUES (33, 'FZ00000106', NULL, NULL, 0, 1, NULL, NULL, '2020-04-11 10:40:25', NULL);
INSERT INTO `t_card` VALUES (34, 'FZ00000107', NULL, NULL, 0, 1, NULL, NULL, '2020-04-11 10:40:25', NULL);
INSERT INTO `t_card` VALUES (35, 'FZ00000108', NULL, NULL, 0, 1, NULL, NULL, '2020-04-11 10:40:25', NULL);
INSERT INTO `t_card` VALUES (36, 'FZ00000109', NULL, NULL, 0, 1, NULL, NULL, '2020-04-11 10:40:25', NULL);
INSERT INTO `t_card` VALUES (37, 'FZ00000110', NULL, NULL, 0, 1, NULL, NULL, '2020-04-11 10:40:25', NULL);
INSERT INTO `t_card` VALUES (38, 'FZ00000111', NULL, NULL, 0, 1, NULL, NULL, '2020-04-11 10:40:25', NULL);
INSERT INTO `t_card` VALUES (39, 'FZ00000112', NULL, NULL, 0, 1, NULL, NULL, '2020-04-11 10:40:25', NULL);
INSERT INTO `t_card` VALUES (40, 'FZ00000113', NULL, NULL, 0, 1, NULL, NULL, '2020-04-11 10:40:25', NULL);
INSERT INTO `t_card` VALUES (41, 'FZ00000114', NULL, NULL, 0, 1, NULL, NULL, '2020-04-11 10:40:25', NULL);
INSERT INTO `t_card` VALUES (42, 'FZ00000115', NULL, NULL, 0, 1, NULL, NULL, '2020-04-11 10:40:25', NULL);
INSERT INTO `t_card` VALUES (43, 'FZ00000116', NULL, NULL, 0, 1, NULL, NULL, '2020-04-11 10:40:25', NULL);
INSERT INTO `t_card` VALUES (44, 'FZ00000117', NULL, NULL, 0, 1, NULL, NULL, '2020-04-11 10:40:25', NULL);
INSERT INTO `t_card` VALUES (45, 'FZ00000118', NULL, NULL, 0, 1, NULL, NULL, '2020-04-11 10:40:25', NULL);
INSERT INTO `t_card` VALUES (46, 'FZ00000119', NULL, NULL, 0, 1, NULL, NULL, '2020-04-11 10:40:25', NULL);
INSERT INTO `t_card` VALUES (47, 'FZ00000120', NULL, NULL, 0, 1, NULL, NULL, '2020-04-11 10:40:25', NULL);
INSERT INTO `t_card` VALUES (48, 'FZ00000121', NULL, NULL, 0, 1, NULL, NULL, '2020-04-11 10:40:25', NULL);
INSERT INTO `t_card` VALUES (49, 'FZ00000122', NULL, NULL, 0, 1, NULL, NULL, '2020-04-11 10:40:25', NULL);
INSERT INTO `t_card` VALUES (50, 'FZ00000123', NULL, NULL, 0, 1, NULL, NULL, '2020-04-11 10:40:25', NULL);
INSERT INTO `t_card` VALUES (51, 'FZ00000124', NULL, NULL, 0, 1, NULL, NULL, '2020-04-11 10:40:25', NULL);
INSERT INTO `t_card` VALUES (52, 'FZ00000125', NULL, NULL, 0, 1, NULL, NULL, '2020-04-11 10:40:25', NULL);
INSERT INTO `t_card` VALUES (53, 'FZ00000126', NULL, NULL, 0, 1, NULL, NULL, '2020-04-11 10:40:25', NULL);
INSERT INTO `t_card` VALUES (54, 'FZ00000127', NULL, NULL, 0, 1, NULL, NULL, '2020-04-11 10:40:25', NULL);
INSERT INTO `t_card` VALUES (55, 'FZ00000128', NULL, NULL, 0, 1, NULL, NULL, '2020-04-11 10:40:25', NULL);
INSERT INTO `t_card` VALUES (56, 'FZ00000129', NULL, NULL, 0, 1, NULL, NULL, '2020-04-11 10:40:25', NULL);
INSERT INTO `t_card` VALUES (57, 'FZ00000130', NULL, NULL, 0, 1, NULL, NULL, '2020-04-11 10:40:25', NULL);
INSERT INTO `t_card` VALUES (58, 'FZ00000131', NULL, NULL, 0, 1, NULL, NULL, '2020-04-11 10:40:25', NULL);
INSERT INTO `t_card` VALUES (59, 'FZ00000132', NULL, NULL, 0, 1, NULL, NULL, '2020-04-11 10:40:25', NULL);
INSERT INTO `t_card` VALUES (60, 'FZ00000133', NULL, NULL, 0, 1, NULL, NULL, '2020-04-11 10:40:25', NULL);
INSERT INTO `t_card` VALUES (61, 'FZ00000134', NULL, NULL, 0, 1, NULL, NULL, '2020-04-11 10:40:25', NULL);
INSERT INTO `t_card` VALUES (62, 'FZ00000135', NULL, NULL, 0, 1, NULL, NULL, '2020-04-11 10:40:25', NULL);
INSERT INTO `t_card` VALUES (63, 'FZ00000136', NULL, NULL, 0, 1, NULL, NULL, '2020-04-11 10:40:25', NULL);
INSERT INTO `t_card` VALUES (64, 'FZ00000137', NULL, NULL, 0, 1, NULL, NULL, '2020-04-11 10:40:25', NULL);
INSERT INTO `t_card` VALUES (65, 'FZ00000138', NULL, NULL, 0, 1, NULL, NULL, '2020-04-11 10:40:25', NULL);
INSERT INTO `t_card` VALUES (66, 'FZ00000139', NULL, NULL, 0, 1, NULL, NULL, '2020-04-11 10:40:25', NULL);
INSERT INTO `t_card` VALUES (67, 'FZ00000140', NULL, NULL, 0, 1, NULL, NULL, '2020-04-11 10:40:25', NULL);
INSERT INTO `t_card` VALUES (68, 'FZ00000141', NULL, NULL, 0, 1, NULL, NULL, '2020-04-11 10:40:25', NULL);
INSERT INTO `t_card` VALUES (69, 'FZ00000142', NULL, NULL, 0, 1, NULL, NULL, '2020-04-11 10:40:25', NULL);
INSERT INTO `t_card` VALUES (70, 'FZ00000143', NULL, NULL, 0, 1, NULL, NULL, '2020-04-11 10:40:25', NULL);
INSERT INTO `t_card` VALUES (71, 'FZ00000144', NULL, NULL, 0, 1, NULL, NULL, '2020-04-11 10:40:25', NULL);
INSERT INTO `t_card` VALUES (72, 'FZ00000145', NULL, NULL, 0, 1, NULL, NULL, '2020-04-11 10:40:25', NULL);
INSERT INTO `t_card` VALUES (73, 'FZ00000146', NULL, NULL, 0, 1, NULL, NULL, '2020-04-11 10:40:25', NULL);
INSERT INTO `t_card` VALUES (74, 'FZ00000147', NULL, NULL, 0, 1, NULL, NULL, '2020-04-11 10:40:25', NULL);
INSERT INTO `t_card` VALUES (75, 'FZ00000148', NULL, NULL, 0, 1, NULL, NULL, '2020-04-11 10:40:25', NULL);
INSERT INTO `t_card` VALUES (76, 'FZ00000149', NULL, NULL, 0, 1, NULL, NULL, '2020-04-11 10:40:25', NULL);
INSERT INTO `t_card` VALUES (77, 'FZ00000150', NULL, NULL, 0, 1, NULL, NULL, '2020-04-11 10:40:25', NULL);
INSERT INTO `t_card` VALUES (78, 'FZ00000151', NULL, NULL, 0, 1, NULL, NULL, '2020-04-11 10:40:25', NULL);
INSERT INTO `t_card` VALUES (79, 'FZ00000152', NULL, NULL, 0, 1, NULL, NULL, '2020-04-11 10:40:25', NULL);
INSERT INTO `t_card` VALUES (80, 'FZ00000153', NULL, NULL, 0, 1, NULL, NULL, '2020-04-11 10:40:25', NULL);
INSERT INTO `t_card` VALUES (81, 'FZ00000154', NULL, NULL, 0, 1, NULL, NULL, '2020-04-11 10:40:25', NULL);
INSERT INTO `t_card` VALUES (82, 'FZ00000155', NULL, NULL, 0, 1, NULL, NULL, '2020-04-11 10:40:25', NULL);
INSERT INTO `t_card` VALUES (83, 'FZ00000156', NULL, NULL, 0, 1, NULL, NULL, '2020-04-11 10:40:25', NULL);
INSERT INTO `t_card` VALUES (84, 'FZ00000157', NULL, NULL, 0, 1, NULL, NULL, '2020-04-11 10:40:25', NULL);
INSERT INTO `t_card` VALUES (85, 'FZ00000158', NULL, NULL, 0, 1, NULL, NULL, '2020-04-11 10:40:25', NULL);
INSERT INTO `t_card` VALUES (86, 'FZ00000159', NULL, NULL, 0, 1, NULL, NULL, '2020-04-11 10:40:25', NULL);
INSERT INTO `t_card` VALUES (87, 'FZ00000160', NULL, NULL, 0, 1, NULL, NULL, '2020-04-11 10:40:25', NULL);
INSERT INTO `t_card` VALUES (88, 'FZ00000161', NULL, NULL, 0, 1, NULL, NULL, '2020-04-11 10:40:25', NULL);
INSERT INTO `t_card` VALUES (89, 'FZ00000162', NULL, NULL, 0, 1, NULL, NULL, '2020-04-11 10:40:25', NULL);
INSERT INTO `t_card` VALUES (90, 'FZ00000163', NULL, NULL, 0, 1, NULL, NULL, '2020-04-11 10:40:25', NULL);
INSERT INTO `t_card` VALUES (91, 'FZ00000164', NULL, NULL, 0, 1, NULL, NULL, '2020-04-11 10:40:25', NULL);
INSERT INTO `t_card` VALUES (92, 'FZ00000165', NULL, NULL, 0, 1, NULL, NULL, '2020-04-11 10:40:25', NULL);
INSERT INTO `t_card` VALUES (93, 'FZ00000166', NULL, NULL, 0, 1, NULL, NULL, '2020-04-11 10:40:25', NULL);
INSERT INTO `t_card` VALUES (94, 'FZ00000167', NULL, NULL, 0, 1, NULL, NULL, '2020-04-11 10:40:25', NULL);
INSERT INTO `t_card` VALUES (95, 'FZ00000168', NULL, NULL, 0, 1, NULL, NULL, '2020-04-11 10:40:25', NULL);
INSERT INTO `t_card` VALUES (96, 'FZ00000169', NULL, NULL, 0, 1, NULL, NULL, '2020-04-11 10:40:25', NULL);
INSERT INTO `t_card` VALUES (97, 'FZ00000170', NULL, NULL, 0, 1, NULL, NULL, '2020-04-11 10:40:25', NULL);
INSERT INTO `t_card` VALUES (98, 'FZ00000171', NULL, NULL, 0, 1, NULL, NULL, '2020-04-11 10:40:25', NULL);
INSERT INTO `t_card` VALUES (99, 'FZ00000172', NULL, NULL, 0, 1, NULL, NULL, '2020-04-11 10:40:25', NULL);
INSERT INTO `t_card` VALUES (100, 'FZ00000173', NULL, NULL, 0, 1, NULL, NULL, '2020-04-11 10:40:25', NULL);
INSERT INTO `t_card` VALUES (101, 'FZ00000174', NULL, NULL, 0, 1, NULL, NULL, '2020-04-11 10:40:25', NULL);
INSERT INTO `t_card` VALUES (102, 'FZ00000175', NULL, NULL, 0, 1, NULL, NULL, '2020-04-11 10:40:25', NULL);
INSERT INTO `t_card` VALUES (103, 'FZ00000176', NULL, NULL, 0, 1, NULL, NULL, '2020-04-11 10:40:25', NULL);
INSERT INTO `t_card` VALUES (104, 'FZ00000177', NULL, NULL, 0, 1, NULL, NULL, '2020-04-11 10:40:25', NULL);
INSERT INTO `t_card` VALUES (105, 'FZ00000178', NULL, NULL, 0, 1, NULL, NULL, '2020-04-11 10:40:25', NULL);
INSERT INTO `t_card` VALUES (106, 'FZ00000179', NULL, NULL, 0, 1, NULL, NULL, '2020-04-11 10:40:25', NULL);
INSERT INTO `t_card` VALUES (107, 'FZ00000180', NULL, NULL, 0, 1, NULL, NULL, '2020-04-11 10:40:25', NULL);
INSERT INTO `t_card` VALUES (108, 'FZ00000181', NULL, NULL, 0, 1, NULL, NULL, '2020-04-11 10:40:25', NULL);
INSERT INTO `t_card` VALUES (109, 'FZ00000182', NULL, NULL, 0, 1, NULL, NULL, '2020-04-11 10:40:25', NULL);
INSERT INTO `t_card` VALUES (110, 'FZ00000183', NULL, NULL, 0, 1, NULL, NULL, '2020-04-11 10:40:25', NULL);
INSERT INTO `t_card` VALUES (111, 'FZ00000184', NULL, NULL, 0, 1, NULL, NULL, '2020-04-11 10:40:25', NULL);
INSERT INTO `t_card` VALUES (112, 'FZ00000185', NULL, NULL, 0, 1, NULL, NULL, '2020-04-11 10:40:25', NULL);
INSERT INTO `t_card` VALUES (113, 'FZ00000186', NULL, NULL, 0, 1, NULL, NULL, '2020-04-11 10:40:25', NULL);
INSERT INTO `t_card` VALUES (114, 'FZ00000187', NULL, NULL, 0, 1, NULL, NULL, '2020-04-11 10:40:25', NULL);
INSERT INTO `t_card` VALUES (115, 'FZ00000188', NULL, NULL, 0, 1, NULL, NULL, '2020-04-11 10:40:25', NULL);
INSERT INTO `t_card` VALUES (116, 'FZ00000189', NULL, NULL, 0, 1, NULL, NULL, '2020-04-11 10:40:25', NULL);
INSERT INTO `t_card` VALUES (117, 'FZ00000190', NULL, NULL, 0, 1, NULL, NULL, '2020-04-11 10:40:25', NULL);
INSERT INTO `t_card` VALUES (118, 'FZ00000191', NULL, NULL, 0, 1, NULL, NULL, '2020-04-11 10:40:25', NULL);
INSERT INTO `t_card` VALUES (119, 'FZ00000192', NULL, NULL, 0, 1, NULL, NULL, '2020-04-11 10:40:25', NULL);
INSERT INTO `t_card` VALUES (120, 'FZ00000193', NULL, NULL, 0, 1, NULL, NULL, '2020-04-11 10:40:25', NULL);
INSERT INTO `t_card` VALUES (121, 'FZ00000194', NULL, NULL, 0, 1, NULL, NULL, '2020-04-11 10:40:25', NULL);
INSERT INTO `t_card` VALUES (122, 'FZ00000195', NULL, NULL, 0, 1, NULL, NULL, '2020-04-11 10:40:25', NULL);
INSERT INTO `t_card` VALUES (123, 'FZ00000196', NULL, NULL, 0, 1, NULL, NULL, '2020-04-11 10:40:25', NULL);
INSERT INTO `t_card` VALUES (124, 'FZ00000197', NULL, NULL, 0, 1, NULL, NULL, '2020-04-11 10:40:25', NULL);
INSERT INTO `t_card` VALUES (125, 'FZ00000198', NULL, NULL, 0, 1, NULL, NULL, '2020-04-11 10:40:25', NULL);
INSERT INTO `t_card` VALUES (126, 'FZ00000199', NULL, NULL, 0, 1, NULL, NULL, '2020-04-11 10:40:25', NULL);
INSERT INTO `t_card` VALUES (127, 'FZ00000200', NULL, NULL, 0, 1, NULL, NULL, '2020-04-11 10:40:25', NULL);

-- ----------------------------
-- Table structure for t_card_combo_link
-- ----------------------------
DROP TABLE IF EXISTS `t_card_combo_link`;
CREATE TABLE `t_card_combo_link`  (
  `CCL_ID` int(10) NOT NULL AUTO_INCREMENT COMMENT '卡套餐关系ID',
  `CCL_CA_ID` int(10) NULL DEFAULT NULL COMMENT '卡ID',
  `CCL_CO_ID` int(10) NULL DEFAULT NULL COMMENT '套餐ID',
  PRIMARY KEY (`CCL_ID`) USING BTREE
) ENGINE = InnoDB CHARACTER SET = utf8mb4 COLLATE = utf8mb4_0900_ai_ci COMMENT = '卡套餐关系表' ROW_FORMAT = Dynamic;

-- ----------------------------
-- Table structure for t_combo
-- ----------------------------
DROP TABLE IF EXISTS `t_combo`;
CREATE TABLE `t_combo`  (
  `CO_ID` int(10) NOT NULL AUTO_INCREMENT COMMENT '套餐ID',
  `CO_NAME` varchar(255) CHARACTER SET utf8mb4 COLLATE utf8mb4_0900_ai_ci NULL DEFAULT NULL COMMENT '套餐名',
  `CO_PRICE` decimal(8, 2) NULL DEFAULT NULL COMMENT '价格',
  `CO_STATE` varchar(2) CHARACTER SET utf8mb4 COLLATE utf8mb4_0900_ai_ci NULL DEFAULT NULL COMMENT '状态',
  `CO_MEMO` varchar(255) CHARACTER SET utf8mb4 COLLATE utf8mb4_0900_ai_ci NULL DEFAULT NULL COMMENT '备注',
  `CO_CREATE_TIME` datetime(0) NULL DEFAULT NULL COMMENT '创建时间',
  `CO_UPDATE_TIME` datetime(0) NULL DEFAULT NULL COMMENT '修改时间',
  PRIMARY KEY (`CO_ID`) USING BTREE
) ENGINE = InnoDB AUTO_INCREMENT = 8 CHARACTER SET = utf8mb4 COLLATE = utf8mb4_0900_ai_ci COMMENT = '套餐表' ROW_FORMAT = Dynamic;

-- ----------------------------
-- Records of t_combo
-- ----------------------------
INSERT INTO `t_combo` VALUES (1, '过敏磁共振套餐', 975.00, '1', NULL, '2019-08-10 12:23:26', '2019-08-10 12:23:26');
INSERT INTO `t_combo` VALUES (2, '肝体抗体磁共振套餐', 229.00, '1', NULL, '2019-08-10 12:23:26', '2019-08-10 12:23:26');
INSERT INTO `t_combo` VALUES (3, '磁共振脑CT套餐', 888.00, '1', NULL, '2019-08-10 12:23:26', '2019-08-10 12:23:26');
INSERT INTO `t_combo` VALUES (4, '体检肺功能CT', 336.00, '1', NULL, '2019-08-10 12:23:26', '2019-08-10 12:23:26');
INSERT INTO `t_combo` VALUES (5, '妇科过敏套餐', 257.00, '1', NULL, '2019-08-10 12:23:26', '2019-08-10 12:23:26');
INSERT INTO `t_combo` VALUES (6, '体检外科普检套餐', 10.00, '1', NULL, '2019-08-10 12:23:26', '2019-08-10 12:23:26');
INSERT INTO `t_combo` VALUES (8, 'ww', 100.00, '1', NULL, '2020-04-11 10:43:00', '2020-04-11 10:43:00');

-- ----------------------------
-- Table structure for t_combo_items_link
-- ----------------------------
DROP TABLE IF EXISTS `t_combo_items_link`;
CREATE TABLE `t_combo_items_link`  (
  `CIL_ID` int(10) NOT NULL AUTO_INCREMENT COMMENT '套餐项目ID',
  `CIL_CO_ID` int(10) NULL DEFAULT NULL COMMENT '套餐ID',
  `CIL_ITS_ID` int(10) NULL DEFAULT NULL COMMENT '项目ID',
  PRIMARY KEY (`CIL_ID`) USING BTREE
) ENGINE = InnoDB AUTO_INCREMENT = 17 CHARACTER SET = utf8mb4 COLLATE = utf8mb4_0900_ai_ci COMMENT = '套餐项目关系表' ROW_FORMAT = Dynamic;

-- ----------------------------
-- Records of t_combo_items_link
-- ----------------------------
INSERT INTO `t_combo_items_link` VALUES (1, 1, 1);
INSERT INTO `t_combo_items_link` VALUES (2, 1, 2);
INSERT INTO `t_combo_items_link` VALUES (3, 1, 6);
INSERT INTO `t_combo_items_link` VALUES (4, 2, 3);
INSERT INTO `t_combo_items_link` VALUES (5, 2, 9);
INSERT INTO `t_combo_items_link` VALUES (6, 3, 6);
INSERT INTO `t_combo_items_link` VALUES (7, 3, 14);
INSERT INTO `t_combo_items_link` VALUES (8, 4, 11);
INSERT INTO `t_combo_items_link` VALUES (9, 4, 12);
INSERT INTO `t_combo_items_link` VALUES (10, 5, 1);
INSERT INTO `t_combo_items_link` VALUES (11, 5, 13);
INSERT INTO `t_combo_items_link` VALUES (12, 6, 15);
INSERT INTO `t_combo_items_link` VALUES (17, 8, 20);

-- ----------------------------
-- Table structure for t_department
-- ----------------------------
DROP TABLE IF EXISTS `t_department`;
CREATE TABLE `t_department`  (
  `DEP_ID` int(10) NOT NULL AUTO_INCREMENT COMMENT '科室ID',
  `DEP_NAME` varchar(255) CHARACTER SET utf8mb4 COLLATE utf8mb4_0900_ai_ci NULL DEFAULT NULL COMMENT '科室名',
  `DEP_STATE` int(2) NULL DEFAULT NULL COMMENT '状态',
  `DEP_MEMO` varchar(255) CHARACTER SET utf8mb4 COLLATE utf8mb4_0900_ai_ci NULL DEFAULT NULL COMMENT '备注',
  `DEP_CREATE_TIME` datetime(0) NULL DEFAULT NULL COMMENT '创建时间',
  `DEP_UPDATE_TIME` datetime(0) NULL DEFAULT NULL COMMENT '修改时间',
  PRIMARY KEY (`DEP_ID`) USING BTREE
) ENGINE = InnoDB AUTO_INCREMENT = 10 CHARACTER SET = utf8mb4 COLLATE = utf8mb4_0900_ai_ci COMMENT = '科室表' ROW_FORMAT = Dynamic;

-- ----------------------------
-- Records of t_department
-- ----------------------------
INSERT INTO `t_department` VALUES (1, '放射科', 1, '放射科是医院重要的辅助检查科室，在现代医院建设中，放射科是一个集检查、诊断、治疗于一体的科室，临床各科许多疾病都须通过放射科设备检查达到明确诊断和辅助诊断。', '2019-08-10 12:23:22', '2019-08-10 12:23:22');
INSERT INTO `t_department` VALUES (2, '妇科', 1, '妇科是医疗机构的一个诊疗科目，妇科是妇产科的一个分支专业，是以诊疗女性妇科病为诊疗的专业科室，分为西医妇科与中医妇科。', '2019-08-10 12:23:22', '2019-08-10 12:23:22');
INSERT INTO `t_department` VALUES (3, '皮肤科', 1, '皮肤科是治疗皮肤疾病的医学分支。也指综合性医院当中诊疗皮肤疾病的科室。在广义上，皮肤科还包含对头发、指（趾）甲疾病的治疗。', '2019-08-10 12:23:22', '2019-08-10 12:23:22');
INSERT INTO `t_department` VALUES (4, '内科', 1, '内科学是临床医学的一个专科，几乎是所有其他临床医学的基础，亦有医学之母之称。', '2019-08-10 12:23:22', '2019-08-10 12:23:22');
INSERT INTO `t_department` VALUES (5, '外科', 1, '外科是现代医学的一个科目，主要研究如何利用外科手术方法去解除病人的病原，从而使病人得到治疗。', '2019-08-10 12:23:22', '2019-08-10 12:23:22');
INSERT INTO `t_department` VALUES (6, '血液科', 1, '血液科，又称血液内科，是内科学的分支，主要治疗造血系统疾病，即血液病。在一些医院里常包含在肿瘤科内，统称肿瘤血液科。', '2019-08-10 12:23:22', '2019-08-10 12:23:22');
INSERT INTO `t_department` VALUES (7, '行政科', 1, '负责医院类的行政事务', '2019-08-10 12:23:22', '2019-08-10 12:23:22');
INSERT INTO `t_department` VALUES (8, '收费科', 1, '负责医院类的收费工作', '2019-08-10 12:23:22', '2019-08-10 12:23:22');
INSERT INTO `t_department` VALUES (9, '天天1(已删除)', 2, '天天1', '2020-03-07 11:30:39', '2020-03-07 12:22:38');
INSERT INTO `t_department` VALUES (10, 'AA(已删除)', 2, 'AA', '2020-04-17 22:12:22', '2020-04-17 22:12:22');

-- ----------------------------
-- Table structure for t_dict
-- ----------------------------
DROP TABLE IF EXISTS `t_dict`;
CREATE TABLE `t_dict`  (
  `DI_ID` int(10) NOT NULL AUTO_INCREMENT COMMENT '字典ID',
  `DI_CODE` int(2) NULL DEFAULT NULL COMMENT '字典码',
  `DI_NAME` varchar(255) CHARACTER SET utf8mb4 COLLATE utf8mb4_0900_ai_ci NULL DEFAULT NULL COMMENT '字典名',
  `DI_TYPE` varchar(255) CHARACTER SET utf8mb4 COLLATE utf8mb4_0900_ai_ci NULL DEFAULT NULL COMMENT '类型',
  `DI_MEMO` varchar(255) CHARACTER SET utf8mb4 COLLATE utf8mb4_0900_ai_ci NULL DEFAULT NULL COMMENT '备注',
  `DI_CREATE_TIME` datetime(0) NULL DEFAULT NULL COMMENT '创建时间',
  `DI_UPDATE_TIME` datetime(0) NULL DEFAULT NULL COMMENT '修改时间',
  PRIMARY KEY (`DI_ID`) USING BTREE
) ENGINE = InnoDB AUTO_INCREMENT = 128 CHARACTER SET = utf8mb4 COLLATE = utf8mb4_0900_ai_ci COMMENT = '字典表' ROW_FORMAT = Dynamic;

-- ----------------------------
-- Records of t_dict
-- ----------------------------
INSERT INTO `t_dict` VALUES (100, 0, '待销售', 'CARDSTATE', '备注', '2019-08-10 12:23:22', '2019-08-10 12:23:22');
INSERT INTO `t_dict` VALUES (101, 1, '已销售', 'CARDSTATE', '备注', '2019-08-10 12:23:22', '2019-08-10 12:23:22');
INSERT INTO `t_dict` VALUES (102, 0, 'FZ', 'PREFIX', NULL, '2019-08-10 12:23:22', '2019-08-10 12:23:22');
INSERT INTO `t_dict` VALUES (103, 0, '8', 'CARDLENGTH', NULL, '2019-08-10 12:23:22', '2019-08-10 12:23:22');
INSERT INTO `t_dict` VALUES (104, 1, '男', 'SEX', '备注', '2019-08-10 12:23:22', '2019-08-10 12:23:22');
INSERT INTO `t_dict` VALUES (105, 0, '女', 'SEX', '备注', '2019-08-10 12:23:22', '2019-08-10 12:23:22');
INSERT INTO `t_dict` VALUES (106, 1, 'A型', 'BLOODTYPE', NULL, '2019-08-10 12:23:22', '2019-08-10 12:23:22');
INSERT INTO `t_dict` VALUES (107, 2, 'B型', 'BLOODTYPE', NULL, '2019-08-10 12:23:22', '2019-08-10 12:23:22');
INSERT INTO `t_dict` VALUES (108, 3, 'O型', 'BLOODTYPE', NULL, '2019-08-10 12:23:22', '2019-08-10 12:23:22');
INSERT INTO `t_dict` VALUES (109, 4, 'AB型', 'BLOODTYPE', NULL, '2019-08-10 12:23:22', '2019-08-10 12:23:22');
INSERT INTO `t_dict` VALUES (110, 0, '禁用', 'STATE', NULL, '2019-08-10 12:23:22', '2019-08-10 12:23:22');
INSERT INTO `t_dict` VALUES (111, 1, '启用', 'STATE', NULL, '2019-08-10 12:23:22', '2019-08-10 12:23:22');
INSERT INTO `t_dict` VALUES (112, 1, '上架', 'COMBOSTATE', NULL, '2019-08-10 12:23:22', '2019-08-10 12:23:22');
INSERT INTO `t_dict` VALUES (113, 0, '下架', 'COMBOSTATE', NULL, '2019-08-10 12:23:22', '2019-08-10 12:23:22');
INSERT INTO `t_dict` VALUES (114, 1, '未结算', 'MECSTATE', NULL, '2019-08-10 12:23:22', '2019-08-10 12:23:22');
INSERT INTO `t_dict` VALUES (115, 2, '已结算', 'MECSTATE', NULL, '2019-08-10 12:23:22', '2019-08-10 12:23:22');
INSERT INTO `t_dict` VALUES (116, 3, '已体检', 'MECSTATE', NULL, '2019-08-10 12:23:22', '2019-08-10 12:23:22');
INSERT INTO `t_dict` VALUES (117, 4, '已打印', 'MECSTATE', NULL, '2019-08-10 12:23:22', '2019-08-10 12:23:22');
INSERT INTO `t_dict` VALUES (118, 0, '充值', 'ACCOUNTTYPE', NULL, '2019-08-10 12:23:22', '2019-08-10 12:23:22');
INSERT INTO `t_dict` VALUES (119, 1, '消费', 'ACCOUNTTYPE', NULL, '2019-08-10 12:23:22', '2019-08-10 12:23:22');
INSERT INTO `t_dict` VALUES (120, 1, '未结算', 'ITEMSSTATE', NULL, '2019-08-10 12:23:22', '2019-08-10 12:23:22');
INSERT INTO `t_dict` VALUES (121, 2, '已结算', 'ITEMSSTATE', NULL, '2019-08-10 12:23:22', '2019-08-10 12:23:22');
INSERT INTO `t_dict` VALUES (122, 3, '已体检', 'ITEMSSTATE', NULL, '2019-08-10 12:23:22', '2019-08-10 12:23:22');
INSERT INTO `t_dict` VALUES (123, 4, '已取消', 'ITEMSSTATE', NULL, '2019-08-10 12:23:22', '2019-08-10 12:23:22');
INSERT INTO `t_dict` VALUES (124, 5, '已接收', 'ITEMSSTATE', NULL, '2019-08-10 12:23:22', '2019-08-10 12:23:22');
INSERT INTO `t_dict` VALUES (125, 10, '开卡费用', 'BUILDCARD', NULL, '2019-08-10 12:23:22', '2019-08-10 12:23:22');
INSERT INTO `t_dict` VALUES (126, 1, '启用', 'DEPTYPE', NULL, '2019-08-10 12:23:22', '2019-08-10 12:23:22');
INSERT INTO `t_dict` VALUES (127, 2, '删除', 'DEPTYPE', NULL, '2019-08-10 12:23:22', '2019-08-10 12:23:22');

-- ----------------------------
-- Table structure for t_frontlog
-- ----------------------------
DROP TABLE IF EXISTS `t_frontlog`;
CREATE TABLE `t_frontlog`  (
  `FL_ID` int(10) NOT NULL AUTO_INCREMENT COMMENT '日志ID',
  `FL_US_ID` int(10) NULL DEFAULT NULL COMMENT '体检人ID',
  `FL_TYPE` varchar(255) CHARACTER SET utf8mb4 COLLATE utf8mb4_0900_ai_ci NULL DEFAULT NULL COMMENT '类型',
  `FL_REMARK` varchar(255) CHARACTER SET utf8mb4 COLLATE utf8mb4_0900_ai_ci NULL DEFAULT NULL COMMENT '描述',
  `FL_MEMO` varchar(255) CHARACTER SET utf8mb4 COLLATE utf8mb4_0900_ai_ci NULL DEFAULT NULL COMMENT '备注',
  `FL_CREATE_TIME` datetime(0) NULL DEFAULT NULL COMMENT '创建时间',
  PRIMARY KEY (`FL_ID`) USING BTREE
) ENGINE = InnoDB AUTO_INCREMENT = 55 CHARACTER SET = utf8mb4 COLLATE = utf8mb4_0900_ai_ci COMMENT = '前台日志表' ROW_FORMAT = Dynamic;

-- ----------------------------
-- Records of t_frontlog
-- ----------------------------
INSERT INTO `t_frontlog` VALUES (42, 1, '打印体检报告', '打印,体检号码为[7234951871]', NULL, '2020-04-11 12:07:52');
INSERT INTO `t_frontlog` VALUES (43, 1, '打印体检报告', '打印,体检号码为[7234951871]', NULL, '2020-04-11 12:08:35');
INSERT INTO `t_frontlog` VALUES (44, 9, '自助充值', '向卡号[FZ00000006]自助充值了[10]元,账单号为[942067866857843]', NULL, '2020-04-11 21:19:35');
INSERT INTO `t_frontlog` VALUES (45, 9, '开单', '开单,体检号码为[0889484778]', NULL, '2020-04-11 21:19:48');
INSERT INTO `t_frontlog` VALUES (46, 9, '结算', '自助结算体检费用,体检号码为[0889484778],价格为[10]', NULL, '2020-04-11 21:19:48');
INSERT INTO `t_frontlog` VALUES (47, 9, '打印体检报告', '打印,体检号码为[0889484778]', NULL, '2020-04-11 22:05:33');
INSERT INTO `t_frontlog` VALUES (48, 10, '自助充值', '向卡号[FZ00000007]自助充值了[1000]元,账单号为[751075156436497]', NULL, '2020-05-17 21:51:48');
INSERT INTO `t_frontlog` VALUES (49, 10, '开单', '开单,体检号码为[9769386821]', NULL, '2020-05-17 21:52:05');
INSERT INTO `t_frontlog` VALUES (50, 10, '结算', '自助结算体检费用,体检号码为[9769386821],价格为[975]', NULL, '2020-05-17 21:52:05');
INSERT INTO `t_frontlog` VALUES (51, 10, '打印体检报告', '打印,体检号码为[9769386821]', NULL, '2020-05-17 22:02:13');
INSERT INTO `t_frontlog` VALUES (52, 10, '开单', '开单,体检号码为[0670325428]', NULL, '2020-05-17 22:09:44');
INSERT INTO `t_frontlog` VALUES (53, 10, '结算', '自助结算体检费用,体检号码为[0670325428],价格为[10]', NULL, '2020-05-17 22:09:44');
INSERT INTO `t_frontlog` VALUES (54, 10, '打印体检报告', '打印,体检号码为[9769386821]', NULL, '2020-05-17 22:12:48');
INSERT INTO `t_frontlog` VALUES (55, 10, '打印体检报告', '打印,体检号码为[9769386821]', NULL, '2020-05-17 22:14:24');

-- ----------------------------
-- Table structure for t_item
-- ----------------------------
DROP TABLE IF EXISTS `t_item`;
CREATE TABLE `t_item`  (
  `IT_ID` int(10) NOT NULL AUTO_INCREMENT COMMENT '细项ID',
  `IT_NAME` varchar(255) CHARACTER SET utf8mb4 COLLATE utf8mb4_0900_ai_ci NULL DEFAULT NULL COMMENT '细项名',
  `IT_UNIT` varchar(255) CHARACTER SET utf8mb4 COLLATE utf8mb4_0900_ai_ci NULL DEFAULT NULL COMMENT '单位',
  `IT_MEMO` varchar(255) CHARACTER SET utf8mb4 COLLATE utf8mb4_0900_ai_ci NULL DEFAULT NULL COMMENT '备注',
  `IT_CREATE_TIME` datetime(0) NULL DEFAULT NULL COMMENT '创建时间',
  `IT_UPDATE_TIME` datetime(0) NULL DEFAULT NULL COMMENT '修改时间',
  PRIMARY KEY (`IT_ID`) USING BTREE
) ENGINE = InnoDB AUTO_INCREMENT = 155 CHARACTER SET = utf8mb4 COLLATE = utf8mb4_0900_ai_ci COMMENT = '细项表' ROW_FORMAT = Dynamic;

-- ----------------------------
-- Records of t_item
-- ----------------------------
INSERT INTO `t_item` VALUES (1, '户尘螨组合/粉尘螨组合', '/', NULL, '2019-08-10 12:23:24', '2019-08-10 12:23:24');
INSERT INTO `t_item` VALUES (2, '食入物变应原筛查', '项', NULL, '2019-08-10 12:23:24', '2019-08-10 12:23:24');
INSERT INTO `t_item` VALUES (3, '牛肉/羊肉组合', '/', NULL, '2019-08-10 12:23:24', '2019-08-10 12:23:24');
INSERT INTO `t_item` VALUES (4, '猫/狗毛皮屑', '/', NULL, '2019-08-10 12:23:24', '2019-08-10 12:23:24');
INSERT INTO `t_item` VALUES (5, '蟑螂', NULL, NULL, '2019-08-10 12:23:24', '2019-08-10 12:23:24');
INSERT INTO `t_item` VALUES (6, '矮豚草/蒿组合', '/', NULL, '2019-08-10 12:23:24', '2019-08-10 12:23:24');
INSERT INTO `t_item` VALUES (7, '牛奶', NULL, NULL, '2019-08-10 12:23:24', '2019-08-10 12:23:24');
INSERT INTO `t_item` VALUES (8, '霉菌组合-点青霉/分支孢霉/烟曲', NULL, NULL, '2019-08-10 12:23:24', '2019-08-10 12:23:24');
INSERT INTO `t_item` VALUES (9, '小麦', '/', NULL, '2019-08-10 12:23:24', '2019-08-10 12:23:24');
INSERT INTO `t_item` VALUES (10, '鸡蛋白', NULL, NULL, '2019-08-10 12:23:24', '2019-08-10 12:23:24');
INSERT INTO `t_item` VALUES (11, '腰果/花生/黄豆组合', '/', NULL, '2019-08-10 12:23:24', '2019-08-10 12:23:24');
INSERT INTO `t_item` VALUES (12, '葎草', '/', NULL, '2019-08-10 12:23:24', '2019-08-10 12:23:24');
INSERT INTO `t_item` VALUES (13, '树组合(柳/榆/梧桐/栎/三角叶)', '/', NULL, '2019-08-10 12:23:24', '2019-08-10 12:23:24');
INSERT INTO `t_item` VALUES (14, '鱼/虾/蟹组合', '/', NULL, '2019-08-10 12:23:24', '2019-08-10 12:23:24');
INSERT INTO `t_item` VALUES (15, '芒果', NULL, NULL, '2019-08-10 12:23:24', '2019-08-10 12:23:24');
INSERT INTO `t_item` VALUES (17, '总IgE测定', '项', NULL, '2019-08-10 12:23:24', '2019-08-10 12:23:24');
INSERT INTO `t_item` VALUES (18, '间接鼻咽镜检查', '次', NULL, '2019-08-10 12:23:24', '2019-08-10 12:23:24');
INSERT INTO `t_item` VALUES (19, '丙型肝炎抗体测定(Anti-HCV)', '项', NULL, '2019-08-10 12:23:24', '2019-08-10 12:23:24');
INSERT INTO `t_item` VALUES (20, '丙型肝炎体HCV', NULL, NULL, '2019-08-10 12:23:24', '2019-08-10 12:23:24');
INSERT INTO `t_item` VALUES (21, '超声胃镜检查术', '次', NULL, '2019-08-10 12:23:24', '2019-08-10 12:23:24');
INSERT INTO `t_item` VALUES (22, '检查提示', '次', NULL, '2019-08-10 12:23:24', '2019-08-10 12:23:24');
INSERT INTO `t_item` VALUES (23, '磁共振波谱分析(MRS)', '每部位', NULL, '2019-08-10 12:23:24', '2019-08-10 12:23:24');
INSERT INTO `t_item` VALUES (24, '检查所见', '次', NULL, '2019-08-10 12:23:24', '2019-08-10 12:23:24');
INSERT INTO `t_item` VALUES (25, '磁共振平扫', '每部位', NULL, '2019-08-10 12:23:24', '2019-08-10 12:23:24');
INSERT INTO `t_item` VALUES (26, '磁共振增加扫描', '每部位', NULL, '2019-08-10 12:23:24', '2019-08-10 12:23:24');
INSERT INTO `t_item` VALUES (27, '血清a-L-岩藻糖苷酶测定', '项', NULL, '2019-08-10 12:23:24', '2019-08-10 12:23:24');
INSERT INTO `t_item` VALUES (28, '血清亮氨酰氨基肽酶测定', '项', NULL, '2019-08-10 12:23:24', '2019-08-10 12:23:24');
INSERT INTO `t_item` VALUES (29, '血清总胆红素测定', '项', NULL, '2019-08-10 12:23:24', '2019-08-10 12:23:24');
INSERT INTO `t_item` VALUES (30, '血清直接胆红素测定', '项', NULL, '2019-08-10 12:23:24', '2019-08-10 12:23:24');
INSERT INTO `t_item` VALUES (31, '血清-y-谷氨酰基转移酶测定', '项', NULL, '2019-08-10 12:23:24', '2019-08-10 12:23:24');
INSERT INTO `t_item` VALUES (32, '血清碱性磷酸酶测定', '项', NULL, '2019-08-10 12:23:24', '2019-08-10 12:23:24');
INSERT INTO `t_item` VALUES (33, '血清丙氨酸氨基转移酶测定', '项', NULL, '2019-08-10 12:23:24', '2019-08-10 12:23:24');
INSERT INTO `t_item` VALUES (34, '血清天门冬氨酸氨基转移酶测定', '项', NULL, '2019-08-10 12:23:24', '2019-08-10 12:23:24');
INSERT INTO `t_item` VALUES (35, '血清总蛋白测定', '项', NULL, '2019-08-10 12:23:24', '2019-08-10 12:23:24');
INSERT INTO `t_item` VALUES (36, '血清白蛋白测定', '项', NULL, '2019-08-10 12:23:24', '2019-08-10 12:23:24');
INSERT INTO `t_item` VALUES (37, '球蛋白', 'g/L', NULL, '2019-08-10 12:23:24', '2019-08-10 12:23:24');
INSERT INTO `t_item` VALUES (38, '白球比', NULL, NULL, '2019-08-10 12:23:24', '2019-08-10 12:23:24');
INSERT INTO `t_item` VALUES (39, '白蛋白', 'g/L', NULL, '2019-08-10 12:23:24', '2019-08-10 12:23:24');
INSERT INTO `t_item` VALUES (40, '碱性磷酸酶', 'U/L', NULL, '2019-08-10 12:23:24', '2019-08-10 12:23:24');
INSERT INTO `t_item` VALUES (41, '丙谷转氨酶', 'U/L', NULL, '2019-08-10 12:23:24', '2019-08-10 12:23:24');
INSERT INTO `t_item` VALUES (42, '谷草转氨酶', 'U/L', NULL, '2019-08-10 12:23:24', '2019-08-10 12:23:24');
INSERT INTO `t_item` VALUES (43, '转氨酶比', NULL, NULL, '2019-08-10 12:23:24', '2019-08-10 12:23:24');
INSERT INTO `t_item` VALUES (44, '直接胆红素', 'μmol/L', NULL, '2019-08-10 12:23:24', '2019-08-10 12:23:24');
INSERT INTO `t_item` VALUES (45, '乳酸脱氢酶', 'U/L', NULL, '2019-08-10 12:23:24', '2019-08-10 12:23:24');
INSERT INTO `t_item` VALUES (46, '总胆红素', 'μmol/L', NULL, '2019-08-10 12:23:24', '2019-08-10 12:23:24');
INSERT INTO `t_item` VALUES (47, '总胆汁酸', 'umol/L', NULL, '2019-08-10 12:23:24', '2019-08-10 12:23:24');
INSERT INTO `t_item` VALUES (48, '总蛋白', 'g/L', NULL, '2019-08-10 12:23:24', '2019-08-10 12:23:24');
INSERT INTO `t_item` VALUES (49, '血淀粉酶', 'U/L', NULL, '2019-08-10 12:23:24', '2019-08-10 12:23:24');
INSERT INTO `t_item` VALUES (50, 'y-谷氨酸转移酶', 'U/L', NULL, '2019-08-10 12:23:24', '2019-08-10 12:23:24');
INSERT INTO `t_item` VALUES (51, '间接胆红素', 'umol/L', NULL, '2019-08-10 12:23:24', '2019-08-10 12:23:24');
INSERT INTO `t_item` VALUES (52, '血清间接胆红素测定', '项', NULL, '2019-08-10 12:23:24', '2019-08-10 12:23:24');
INSERT INTO `t_item` VALUES (53, '血清总胆汁酸测定', '项', NULL, '2019-08-10 12:23:24', '2019-08-10 12:23:24');
INSERT INTO `t_item` VALUES (54, '淋巴结', '次', NULL, '2019-08-10 12:23:24', '2019-08-10 12:23:24');
INSERT INTO `t_item` VALUES (55, '四肢(关节)', '次', NULL, '2019-08-10 12:23:24', '2019-08-10 12:23:24');
INSERT INTO `t_item` VALUES (56, '脊柱', '次', NULL, '2019-08-10 12:23:24', '2019-08-10 12:23:24');
INSERT INTO `t_item` VALUES (57, '甲状腺', '次', NULL, '2019-08-10 12:23:24', '2019-08-10 12:23:24');
INSERT INTO `t_item` VALUES (58, '体检费', '次', NULL, '2019-08-10 12:23:24', '2019-08-10 12:23:24');
INSERT INTO `t_item` VALUES (59, '其他', '次', NULL, '2019-08-10 12:23:24', '2019-08-10 12:23:24');
INSERT INTO `t_item` VALUES (60, '特殊细菌涂片检查', '每种细菌', NULL, '2019-08-10 12:23:24', '2019-08-10 12:23:24');
INSERT INTO `t_item` VALUES (61, '消化系统（电子镜）', 'null', NULL, '2019-08-10 12:23:24', '2019-08-10 12:23:24');
INSERT INTO `t_item` VALUES (62, '纤维胃十二指肠镜检查', '次', NULL, '2019-08-10 12:23:24', '2019-08-10 12:23:24');
INSERT INTO `t_item` VALUES (63, '血细胞分析', '套', NULL, '2019-08-10 12:23:24', '2019-08-10 12:23:24');
INSERT INTO `t_item` VALUES (64, '嗜碱性粒细胞', '10*9/L', NULL, '2019-08-10 12:23:24', '2019-08-10 12:23:24');
INSERT INTO `t_item` VALUES (65, '大型未成熟细胞百分比', '%', NULL, '2019-08-10 12:23:24', '2019-08-10 12:23:24');
INSERT INTO `t_item` VALUES (66, '大型未成熟细胞', '10*9/L', NULL, '2019-08-10 12:23:24', '2019-08-10 12:23:24');
INSERT INTO `t_item` VALUES (67, '中性粒细胞', '10*9/L', NULL, '2019-08-10 12:23:24', '2019-08-10 12:23:24');
INSERT INTO `t_item` VALUES (68, '白细胞', '10*9/L', NULL, '2019-08-10 12:23:24', '2019-08-10 12:23:24');
INSERT INTO `t_item` VALUES (69, '红细胞分布宽度标准差', 'fL', NULL, '2019-08-10 12:23:24', '2019-08-10 12:23:24');
INSERT INTO `t_item` VALUES (70, '红细胞分布宽度变异系数', '%', NULL, '2019-08-10 12:23:24', '2019-08-10 12:23:24');
INSERT INTO `t_item` VALUES (71, '红细胞', '10*12/L', NULL, '2019-08-10 12:23:24', '2019-08-10 12:23:24');
INSERT INTO `t_item` VALUES (72, '血小板', '10*9/L', NULL, '2019-08-10 12:23:24', '2019-08-10 12:23:24');
INSERT INTO `t_item` VALUES (73, '大血小板百分比', '%', NULL, '2019-08-10 12:23:24', '2019-08-10 12:23:24');
INSERT INTO `t_item` VALUES (74, '大血小板', '10*9/L', NULL, '2019-08-10 12:23:24', '2019-08-10 12:23:24');
INSERT INTO `t_item` VALUES (75, '嗜碱性粒细胞百分比', '%', NULL, '2019-08-10 12:23:24', '2019-08-10 12:23:24');
INSERT INTO `t_item` VALUES (76, '嗜酸性粒细胞', '10*9/L', NULL, '2019-08-10 12:23:24', '2019-08-10 12:23:24');
INSERT INTO `t_item` VALUES (77, '嗜酸性粒细胞百分比', '%', NULL, '2019-08-10 12:23:24', '2019-08-10 12:23:24');
INSERT INTO `t_item` VALUES (78, '红细胞压积', 'L/L', NULL, '2019-08-10 12:23:24', '2019-08-10 12:23:24');
INSERT INTO `t_item` VALUES (79, '血红蛋白', 'g/L', NULL, '2019-08-10 12:23:24', '2019-08-10 12:23:24');
INSERT INTO `t_item` VALUES (80, '淋巴细胞', '10*9/L', NULL, '2019-08-10 12:23:24', '2019-08-10 12:23:24');
INSERT INTO `t_item` VALUES (81, '淋巴细胞百分比', '%', NULL, '2019-08-10 12:23:24', '2019-08-10 12:23:24');
INSERT INTO `t_item` VALUES (82, '平均红细胞血红蛋白含量', 'pg', NULL, '2019-08-10 12:23:24', '2019-08-10 12:23:24');
INSERT INTO `t_item` VALUES (83, '平均红细胞血红蛋白浓度', 'g/L', NULL, '2019-08-10 12:23:24', '2019-08-10 12:23:24');
INSERT INTO `t_item` VALUES (84, '红细胞平均体积', 'fL', NULL, '2019-08-10 12:23:24', '2019-08-10 12:23:24');
INSERT INTO `t_item` VALUES (85, '单核细胞', '10*9/L', NULL, '2019-08-10 12:23:24', '2019-08-10 12:23:24');
INSERT INTO `t_item` VALUES (86, '单核细胞百分比', '%', NULL, '2019-08-10 12:23:24', '2019-08-10 12:23:24');
INSERT INTO `t_item` VALUES (87, '平均血小板体积', 'fL', NULL, '2019-08-10 12:23:24', '2019-08-10 12:23:24');
INSERT INTO `t_item` VALUES (88, '中性粒细胞百分比', '%', NULL, '2019-08-10 12:23:24', '2019-08-10 12:23:24');
INSERT INTO `t_item` VALUES (89, '血小板压积', '%', NULL, '2019-08-10 12:23:24', '2019-08-10 12:23:24');
INSERT INTO `t_item` VALUES (90, '血小板分布宽度', NULL, NULL, '2019-08-10 12:23:24', '2019-08-10 12:23:24');
INSERT INTO `t_item` VALUES (91, '四肢血管彩色多普勒超声', '二根血管', NULL, '2019-08-10 12:23:24', '2019-08-10 12:23:24');
INSERT INTO `t_item` VALUES (92, '超声计算机图文报告', '次', NULL, '2019-08-10 12:23:24', '2019-08-10 12:23:24');
INSERT INTO `t_item` VALUES (93, '超声所见', '次', NULL, '2019-08-10 12:23:24', '2019-08-10 12:23:24');
INSERT INTO `t_item` VALUES (94, '超声提示', '次', NULL, '2019-08-10 12:23:24', '2019-08-10 12:23:24');
INSERT INTO `t_item` VALUES (95, '右下肢动脉<=10.4(m/s)', '次', NULL, '2019-08-10 12:23:24', '2019-08-10 12:23:24');
INSERT INTO `t_item` VALUES (96, '左侧ABI', '次', NULL, '2019-08-10 12:23:24', '2019-08-10 12:23:24');
INSERT INTO `t_item` VALUES (97, '右侧ABI', '次', NULL, '2019-08-10 12:23:24', '2019-08-10 12:23:24');
INSERT INTO `t_item` VALUES (98, '动脉弹性功能检测', '次', NULL, '2019-08-10 12:23:24', '2019-08-10 12:23:24');
INSERT INTO `t_item` VALUES (99, '大动脉功能检测', '次', NULL, '2019-08-10 12:23:24', '2019-08-10 12:23:24');
INSERT INTO `t_item` VALUES (100, '左下肢动脉<=10.4(m/s)', '次', NULL, '2019-08-10 12:23:24', '2019-08-10 12:23:24');
INSERT INTO `t_item` VALUES (101, '主动脉<=8.70(m/s)', '次', NULL, '2019-08-10 12:23:24', '2019-08-10 12:23:24');
INSERT INTO `t_item` VALUES (102, '左上肢动脉<=9.80(m/s)', '次', NULL, '2019-08-10 12:23:24', '2019-08-10 12:23:24');
INSERT INTO `t_item` VALUES (103, '右上肢动脉<=9.80(m/s)', '次', NULL, '2019-08-10 12:23:24', '2019-08-10 12:23:24');
INSERT INTO `t_item` VALUES (104, '判定标准', '次', NULL, '2019-08-10 12:23:24', '2019-08-10 12:23:24');
INSERT INTO `t_item` VALUES (105, 'X线计算机体层(CT)平扫(单次多层螺旋CT平扫加收)', '每个部位', NULL, '2019-08-10 12:23:24', '2019-08-10 12:23:24');
INSERT INTO `t_item` VALUES (106, 'X线计算机体层(CT)平扫(使用螺旋扫描加收)', '每个部位', NULL, '2019-08-10 12:23:24', '2019-08-10 12:23:24');
INSERT INTO `t_item` VALUES (107, 'X线计算机体层(CT)平扫', '每个部位', NULL, '2019-08-10 12:23:24', '2019-08-10 12:23:24');
INSERT INTO `t_item` VALUES (108, '肺活量(>=80%)', '次', NULL, '2019-08-10 12:23:24', '2019-08-10 12:23:24');
INSERT INTO `t_item` VALUES (109, '评价', '次', NULL, '2019-08-10 12:23:24', '2019-08-10 12:23:24');
INSERT INTO `t_item` VALUES (110, '用力肺活量(>=80%)', '次', NULL, '2019-08-10 12:23:24', '2019-08-10 12:23:24');
INSERT INTO `t_item` VALUES (111, '肺通气功能检查', '次', NULL, '2019-08-10 12:23:24', '2019-08-10 12:23:24');
INSERT INTO `t_item` VALUES (112, '流速容量曲线(V-V曲线)', '项', NULL, '2019-08-10 12:23:25', '2019-08-10 12:23:25');
INSERT INTO `t_item` VALUES (113, '最大通气量(>=80%)', '次', NULL, '2019-08-10 12:23:25', '2019-08-10 12:23:25');
INSERT INTO `t_item` VALUES (114, '粪便隐血试验(OB)', '项', NULL, '2019-08-10 12:23:25', '2019-08-10 12:23:25');
INSERT INTO `t_item` VALUES (115, '粪胆素检查', '项', NULL, '2019-08-10 12:23:25', '2019-08-10 12:23:25');
INSERT INTO `t_item` VALUES (116, '粪便常规', '次', NULL, '2019-08-10 12:23:25', '2019-08-10 12:23:25');
INSERT INTO `t_item` VALUES (117, '粪便乳糖不耐受测定', '项', NULL, '2019-08-10 12:23:25', '2019-08-10 12:23:25');
INSERT INTO `t_item` VALUES (118, '粪素丹Ⅲ染色检查', '次', NULL, '2019-08-10 12:23:25', '2019-08-10 12:23:25');
INSERT INTO `t_item` VALUES (119, '梅毒螺旋体特异抗体测定', '项', NULL, '2019-08-10 12:23:25', '2019-08-10 12:23:25');
INSERT INTO `t_item` VALUES (120, '梅毒螺旋体镜检', '项', NULL, '2019-08-10 12:23:25', '2019-08-10 12:23:25');
INSERT INTO `t_item` VALUES (121, '阴道分泌物检查', '次', NULL, '2019-08-10 12:23:25', '2019-08-10 12:23:25');
INSERT INTO `t_item` VALUES (122, '妇科检查所见', '次', NULL, '2019-08-10 12:23:25', '2019-08-10 12:23:25');
INSERT INTO `t_item` VALUES (123, '超声计算机图文报告', '次', NULL, '2019-08-10 12:23:25', '2019-08-10 12:23:25');
INSERT INTO `t_item` VALUES (124, '彩色多普勒超声常规检查', '次', NULL, '2019-08-10 12:23:25', '2019-08-10 12:23:25');
INSERT INTO `t_item` VALUES (125, '骨密度测定', '次', NULL, '2019-08-10 12:23:25', '2019-08-10 12:23:25');
INSERT INTO `t_item` VALUES (126, 'T-Score', '次', NULL, '2019-08-10 12:23:25', '2019-08-10 12:23:25');
INSERT INTO `t_item` VALUES (127, 'Est Heel BMD', '次', NULL, '2019-08-10 12:23:25', '2019-08-10 12:23:25');
INSERT INTO `t_item` VALUES (128, 'QUI/Stiffness', '次', NULL, '2019-08-10 12:23:25', '2019-08-10 12:23:25');
INSERT INTO `t_item` VALUES (129, '浅表器官彩色多普勒超声检查', '每个部位', NULL, '2019-08-10 12:23:25', '2019-08-10 12:23:25');
INSERT INTO `t_item` VALUES (130, '肝', '次', NULL, '2019-08-10 12:23:25', '2019-08-10 12:23:25');
INSERT INTO `t_item` VALUES (131, '胆', '次', NULL, '2019-08-10 12:23:25', '2019-08-10 12:23:25');
INSERT INTO `t_item` VALUES (132, '胰', '次', NULL, '2019-08-10 12:23:25', '2019-08-10 12:23:25');
INSERT INTO `t_item` VALUES (133, '脾', '次', NULL, '2019-08-10 12:23:25', '2019-08-10 12:23:25');
INSERT INTO `t_item` VALUES (134, '心脏', '次', NULL, '2019-08-10 12:23:25', '2019-08-10 12:23:25');
INSERT INTO `t_item` VALUES (135, '肺部', '次', NULL, '2019-08-10 12:23:25', '2019-08-10 12:23:25');
INSERT INTO `t_item` VALUES (136, '体检费', '次', NULL, '2019-08-10 12:23:25', '2019-08-10 12:23:25');
INSERT INTO `t_item` VALUES (137, '结晶', NULL, NULL, '2019-08-10 12:23:25', '2019-08-10 12:23:25');
INSERT INTO `t_item` VALUES (138, '尿液分析', '次', NULL, '2019-08-10 12:23:25', '2019-08-10 12:23:25');
INSERT INTO `t_item` VALUES (139, '尿胆原', 'mg/dl', NULL, '2019-08-10 12:23:25', '2019-08-10 12:23:25');
INSERT INTO `t_item` VALUES (140, '葡萄糖', 'mg/dl', NULL, '2019-08-10 12:23:25', '2019-08-10 12:23:25');
INSERT INTO `t_item` VALUES (141, '酮体', 'mg/dl', NULL, '2019-08-10 12:23:25', '2019-08-10 12:23:25');
INSERT INTO `t_item` VALUES (142, '酸碱度', NULL, NULL, '2019-08-10 12:23:25', '2019-08-10 12:23:25');
INSERT INTO `t_item` VALUES (143, '亚硝酸盐', 'mg/dl', NULL, '2019-08-10 12:23:25', '2019-08-10 12:23:25');
INSERT INTO `t_item` VALUES (144, '白细胞', 'cell/uL', NULL, '2019-08-10 12:23:25', '2019-08-10 12:23:25');
INSERT INTO `t_item` VALUES (145, '维生素c', 'mg/dl', NULL, '2019-08-10 12:23:25', '2019-08-10 12:23:25');
INSERT INTO `t_item` VALUES (146, '胆红素', 'mg/dl', NULL, '2019-08-10 12:23:25', '2019-08-10 12:23:25');
INSERT INTO `t_item` VALUES (147, '尿比重', NULL, NULL, '2019-08-10 12:23:25', '2019-08-10 12:23:25');
INSERT INTO `t_item` VALUES (148, '蛋白质', 'mg/dl', NULL, '2019-08-10 12:23:25', '2019-08-10 12:23:25');
INSERT INTO `t_item` VALUES (149, '隐血', NULL, NULL, '2019-08-10 12:23:25', '2019-08-10 12:23:25');
INSERT INTO `t_item` VALUES (150, '上皮细胞(镜检)', '/HP', NULL, '2019-08-10 12:23:25', '2019-08-10 12:23:25');
INSERT INTO `t_item` VALUES (151, '管型(镜检)', NULL, NULL, '2019-08-10 12:23:25', '2019-08-10 12:23:25');
INSERT INTO `t_item` VALUES (152, '红细胞(镜检)', '/HP', NULL, '2019-08-10 12:23:25', '2019-08-10 12:23:25');
INSERT INTO `t_item` VALUES (153, '白细胞', '/HP', NULL, '2019-08-10 12:23:25', '2019-08-10 12:23:25');
INSERT INTO `t_item` VALUES (155, 'www', 'dd', '', '2020-04-11 10:42:07', '2020-04-11 10:42:07');

-- ----------------------------
-- Table structure for t_items
-- ----------------------------
DROP TABLE IF EXISTS `t_items`;
CREATE TABLE `t_items`  (
  `ITS_ID` int(10) NOT NULL AUTO_INCREMENT COMMENT '项目ID',
  `ITS_NAME` varchar(255) CHARACTER SET utf8mb4 COLLATE utf8mb4_0900_ai_ci NULL DEFAULT NULL COMMENT '项目名',
  `ITS_PRICE` decimal(10, 2) NULL DEFAULT NULL COMMENT '价格',
  `ITS_DEP_ID` int(10) NULL DEFAULT NULL COMMENT '科室ID',
  `ITS_MEMO` varchar(255) CHARACTER SET utf8mb4 COLLATE utf8mb4_0900_ai_ci NULL DEFAULT NULL COMMENT '备注',
  `ITS_CREATE_TIME` datetime(0) NULL DEFAULT NULL COMMENT '创建时间',
  `ITS_UPDATE_TIME` datetime(0) NULL DEFAULT NULL COMMENT '修改时间',
  PRIMARY KEY (`ITS_ID`) USING BTREE
) ENGINE = InnoDB AUTO_INCREMENT = 20 CHARACTER SET = utf8mb4 COLLATE = utf8mb4_0900_ai_ci COMMENT = '项目表' ROW_FORMAT = Dynamic;

-- ----------------------------
-- Records of t_items
-- ----------------------------
INSERT INTO `t_items` VALUES (1, '过敏源全套', 216.00, 3, NULL, '2019-08-10 12:23:25', '2019-08-10 12:23:25');
INSERT INTO `t_items` VALUES (2, '食入性过敏源筛选', 99.00, 6, NULL, '2019-08-10 12:23:25', '2019-08-10 12:23:25');
INSERT INTO `t_items` VALUES (3, '体检肝体抗体', 23.00, 4, NULL, '2019-08-10 12:23:25', '2019-08-10 12:23:25');
INSERT INTO `t_items` VALUES (4, '体检超神胃镜检查术', 540.00, 1, NULL, '2019-08-10 12:23:25', '2019-08-10 12:23:25');
INSERT INTO `t_items` VALUES (5, '体检磁共振波谱分析(MRS)', 845.00, 1, NULL, '2019-08-10 12:23:25', '2019-08-10 12:23:25');
INSERT INTO `t_items` VALUES (6, '体检磁共振平扫', 670.00, 1, NULL, '2019-08-10 12:23:25', '2019-08-10 12:23:25');
INSERT INTO `t_items` VALUES (8, '体检磁共振平扫+增强(肝胆直接扫描)', 787.00, 1, NULL, '2019-08-10 12:23:25', '2019-08-10 12:23:25');
INSERT INTO `t_items` VALUES (9, '体检磁共振平扫(肝胆平扫+增加)', 216.00, 1, NULL, '2019-08-10 12:23:25', '2019-08-10 12:23:25');
INSERT INTO `t_items` VALUES (10, '体检单/双下肢深/浅动静脉彩超', 332.00, 1, NULL, '2019-08-10 12:23:25', '2019-08-10 12:23:25');
INSERT INTO `t_items` VALUES (11, '体检肺CT', 218.00, 1, NULL, '2019-08-10 12:23:25', '2019-08-10 12:23:25');
INSERT INTO `t_items` VALUES (12, '体检肺功能', 118.00, 4, NULL, '2019-08-10 12:23:25', '2019-08-10 12:23:25');
INSERT INTO `t_items` VALUES (13, '体检妇科', 41.00, 2, NULL, '2019-08-10 12:23:25', '2019-08-10 12:23:25');
INSERT INTO `t_items` VALUES (14, '体检脑CT', 218.00, 1, NULL, '2019-08-10 12:23:25', '2019-08-10 12:23:25');
INSERT INTO `t_items` VALUES (15, '体检外科普检', 10.00, 5, NULL, '2019-08-10 12:23:25', '2019-08-10 12:23:25');
INSERT INTO `t_items` VALUES (20, 'ww', 100.00, 1, NULL, '2020-04-11 10:42:36', '2020-04-11 10:42:36');

-- ----------------------------
-- Table structure for t_items_item_link
-- ----------------------------
DROP TABLE IF EXISTS `t_items_item_link`;
CREATE TABLE `t_items_item_link`  (
  `IIL_ID` int(10) NOT NULL AUTO_INCREMENT COMMENT '项目细项关系ID',
  `IIL_ITS_ID` int(10) NULL DEFAULT NULL COMMENT '项目ID',
  `IIL_IT_ID` int(10) NULL DEFAULT NULL COMMENT '细项ID',
  PRIMARY KEY (`IIL_ID`) USING BTREE
) ENGINE = InnoDB AUTO_INCREMENT = 89 CHARACTER SET = utf8mb4 COLLATE = utf8mb4_0900_ai_ci COMMENT = '项目细项关系表' ROW_FORMAT = Dynamic;

-- ----------------------------
-- Records of t_items_item_link
-- ----------------------------
INSERT INTO `t_items_item_link` VALUES (1, 1, 1);
INSERT INTO `t_items_item_link` VALUES (2, 1, 2);
INSERT INTO `t_items_item_link` VALUES (3, 1, 3);
INSERT INTO `t_items_item_link` VALUES (4, 1, 4);
INSERT INTO `t_items_item_link` VALUES (5, 1, 5);
INSERT INTO `t_items_item_link` VALUES (6, 1, 6);
INSERT INTO `t_items_item_link` VALUES (7, 1, 7);
INSERT INTO `t_items_item_link` VALUES (8, 1, 8);
INSERT INTO `t_items_item_link` VALUES (9, 1, 9);
INSERT INTO `t_items_item_link` VALUES (10, 1, 10);
INSERT INTO `t_items_item_link` VALUES (11, 1, 11);
INSERT INTO `t_items_item_link` VALUES (12, 1, 12);
INSERT INTO `t_items_item_link` VALUES (13, 1, 13);
INSERT INTO `t_items_item_link` VALUES (14, 1, 14);
INSERT INTO `t_items_item_link` VALUES (15, 1, 15);
INSERT INTO `t_items_item_link` VALUES (16, 2, 14);
INSERT INTO `t_items_item_link` VALUES (17, 2, 17);
INSERT INTO `t_items_item_link` VALUES (18, 2, 2);
INSERT INTO `t_items_item_link` VALUES (19, 2, 1);
INSERT INTO `t_items_item_link` VALUES (20, 2, 15);
INSERT INTO `t_items_item_link` VALUES (21, 2, 3);
INSERT INTO `t_items_item_link` VALUES (22, 2, 4);
INSERT INTO `t_items_item_link` VALUES (23, 2, 5);
INSERT INTO `t_items_item_link` VALUES (24, 2, 6);
INSERT INTO `t_items_item_link` VALUES (25, 2, 7);
INSERT INTO `t_items_item_link` VALUES (26, 2, 8);
INSERT INTO `t_items_item_link` VALUES (27, 2, 9);
INSERT INTO `t_items_item_link` VALUES (28, 2, 10);
INSERT INTO `t_items_item_link` VALUES (29, 2, 11);
INSERT INTO `t_items_item_link` VALUES (30, 2, 12);
INSERT INTO `t_items_item_link` VALUES (31, 2, 13);
INSERT INTO `t_items_item_link` VALUES (32, 3, 18);
INSERT INTO `t_items_item_link` VALUES (33, 4, 19);
INSERT INTO `t_items_item_link` VALUES (34, 4, 20);
INSERT INTO `t_items_item_link` VALUES (35, 5, 22);
INSERT INTO `t_items_item_link` VALUES (36, 5, 23);
INSERT INTO `t_items_item_link` VALUES (37, 5, 24);
INSERT INTO `t_items_item_link` VALUES (38, 6, 25);
INSERT INTO `t_items_item_link` VALUES (39, 6, 24);
INSERT INTO `t_items_item_link` VALUES (40, 6, 22);
INSERT INTO `t_items_item_link` VALUES (41, 8, 26);
INSERT INTO `t_items_item_link` VALUES (42, 8, 24);
INSERT INTO `t_items_item_link` VALUES (43, 8, 22);
INSERT INTO `t_items_item_link` VALUES (44, 9, 22);
INSERT INTO `t_items_item_link` VALUES (45, 9, 26);
INSERT INTO `t_items_item_link` VALUES (46, 9, 24);
INSERT INTO `t_items_item_link` VALUES (47, 9, 25);
INSERT INTO `t_items_item_link` VALUES (48, 10, 91);
INSERT INTO `t_items_item_link` VALUES (49, 10, 92);
INSERT INTO `t_items_item_link` VALUES (50, 10, 93);
INSERT INTO `t_items_item_link` VALUES (51, 10, 94);
INSERT INTO `t_items_item_link` VALUES (52, 11, 22);
INSERT INTO `t_items_item_link` VALUES (53, 11, 105);
INSERT INTO `t_items_item_link` VALUES (54, 11, 106);
INSERT INTO `t_items_item_link` VALUES (55, 11, 107);
INSERT INTO `t_items_item_link` VALUES (56, 11, 24);
INSERT INTO `t_items_item_link` VALUES (57, 12, 108);
INSERT INTO `t_items_item_link` VALUES (58, 12, 109);
INSERT INTO `t_items_item_link` VALUES (59, 12, 110);
INSERT INTO `t_items_item_link` VALUES (60, 12, 111);
INSERT INTO `t_items_item_link` VALUES (61, 13, 119);
INSERT INTO `t_items_item_link` VALUES (62, 13, 120);
INSERT INTO `t_items_item_link` VALUES (63, 13, 121);
INSERT INTO `t_items_item_link` VALUES (64, 13, 122);
INSERT INTO `t_items_item_link` VALUES (65, 14, 105);
INSERT INTO `t_items_item_link` VALUES (66, 14, 22);
INSERT INTO `t_items_item_link` VALUES (67, 14, 106);
INSERT INTO `t_items_item_link` VALUES (68, 14, 107);
INSERT INTO `t_items_item_link` VALUES (69, 14, 26);
INSERT INTO `t_items_item_link` VALUES (70, 15, 54);
INSERT INTO `t_items_item_link` VALUES (71, 15, 55);
INSERT INTO `t_items_item_link` VALUES (72, 15, 56);
INSERT INTO `t_items_item_link` VALUES (73, 15, 57);
INSERT INTO `t_items_item_link` VALUES (74, 15, 58);
INSERT INTO `t_items_item_link` VALUES (75, 15, 59);
INSERT INTO `t_items_item_link` VALUES (79, NULL, 1);
INSERT INTO `t_items_item_link` VALUES (80, NULL, 2);
INSERT INTO `t_items_item_link` VALUES (87, 20, 152);
INSERT INTO `t_items_item_link` VALUES (88, 20, 153);
INSERT INTO `t_items_item_link` VALUES (89, 20, 155);

-- ----------------------------
-- Table structure for t_items_record
-- ----------------------------
DROP TABLE IF EXISTS `t_items_record`;
CREATE TABLE `t_items_record`  (
  `IR_ID` int(10) NOT NULL AUTO_INCREMENT COMMENT '项目记录ID',
  `IR_MR_ID` int(10) NULL DEFAULT NULL COMMENT '体检记录ID',
  `IR_ITS_NAME` varchar(255) CHARACTER SET utf8mb4 COLLATE utf8mb4_0900_ai_ci NULL DEFAULT NULL COMMENT '项目名',
  `IR_DEP_ID` int(10) NULL DEFAULT NULL COMMENT '科室ID',
  `IR_RES` varchar(1000) CHARACTER SET utf8mb4 COLLATE utf8mb4_0900_ai_ci NULL DEFAULT NULL COMMENT '体检结果',
  `IR_REQ` varchar(1000) CHARACTER SET utf8mb4 COLLATE utf8mb4_0900_ai_ci NULL DEFAULT NULL COMMENT '体检建议',
  `IR_DOC_ID` int(10) NULL DEFAULT NULL COMMENT '体检医生',
  `IR_STATE` int(2) NULL DEFAULT NULL COMMENT '体检项目状态',
  `IR_ITS_PRICE` decimal(10, 2) NULL DEFAULT NULL COMMENT '价格',
  `IR_PE_TIME` datetime(0) NULL DEFAULT NULL COMMENT '体检时间',
  `IR_MEMO` varchar(255) CHARACTER SET utf8mb4 COLLATE utf8mb4_0900_ai_ci NULL DEFAULT NULL COMMENT '备注',
  `IR_UPDATE_TIME` datetime(0) NULL DEFAULT NULL COMMENT '修改时间',
  `IR_RM_TIME` datetime(0) NULL DEFAULT NULL COMMENT '退费时间',
  PRIMARY KEY (`IR_ID`) USING BTREE
) ENGINE = InnoDB AUTO_INCREMENT = 50 CHARACTER SET = utf8mb4 COLLATE = utf8mb4_0900_ai_ci COMMENT = '项目记录表' ROW_FORMAT = Dynamic;

-- ----------------------------
-- Records of t_items_record
-- ----------------------------
INSERT INTO `t_items_record` VALUES (1, 2, '过敏源全套', 3, '<img src=\"../assets/img/6644bf34-f635-4045-91be-1f8956ed2a05.png\" alt=\"1.png\" style=\"display:inline-block;max-width:65%;height:auto;\">ADASDAS&nbsp;', NULL, 1, 3, 216.00, '2020-03-08 18:12:45', NULL, '2020-03-08 19:55:54', NULL);
INSERT INTO `t_items_record` VALUES (2, 2, '食入性过敏源筛选', 6, NULL, NULL, NULL, 4, 99.00, NULL, NULL, NULL, '2020-03-08 20:58:12');
INSERT INTO `t_items_record` VALUES (3, 2, '体检磁共振平扫', 1, NULL, NULL, NULL, 4, 670.00, NULL, NULL, NULL, NULL);
INSERT INTO `t_items_record` VALUES (4, 3, '过敏源全套', 3, NULL, NULL, NULL, 1, 216.00, NULL, NULL, NULL, NULL);
INSERT INTO `t_items_record` VALUES (5, 3, '食入性过敏源筛选', 6, NULL, NULL, NULL, 1, 99.00, NULL, NULL, NULL, NULL);
INSERT INTO `t_items_record` VALUES (6, 3, '体检磁共振平扫', 1, NULL, NULL, NULL, 1, 670.00, NULL, NULL, NULL, NULL);
INSERT INTO `t_items_record` VALUES (7, 3, '体检肝体抗体', 4, NULL, NULL, NULL, 1, 23.00, NULL, NULL, NULL, NULL);
INSERT INTO `t_items_record` VALUES (8, 3, '体检磁共振平扫(肝胆平扫+增加)', 1, NULL, NULL, NULL, 1, 216.00, NULL, NULL, NULL, NULL);
INSERT INTO `t_items_record` VALUES (9, 4, '体检肺CT', 1, NULL, NULL, NULL, 2, 218.00, NULL, NULL, NULL, NULL);
INSERT INTO `t_items_record` VALUES (10, 4, '体检肺功能', 4, NULL, NULL, NULL, 2, 118.00, NULL, NULL, NULL, NULL);
INSERT INTO `t_items_record` VALUES (11, 5, '体检肺CT', 1, NULL, NULL, NULL, 1, 218.00, NULL, NULL, NULL, NULL);
INSERT INTO `t_items_record` VALUES (12, 5, '体检肺功能', 4, NULL, NULL, NULL, 1, 118.00, NULL, NULL, NULL, NULL);
INSERT INTO `t_items_record` VALUES (13, 6, '过敏源全套', 3, NULL, NULL, NULL, 1, 216.00, NULL, NULL, NULL, NULL);
INSERT INTO `t_items_record` VALUES (14, 6, '食入性过敏源筛选', 6, NULL, NULL, NULL, 1, 99.00, NULL, NULL, NULL, NULL);
INSERT INTO `t_items_record` VALUES (15, 6, '体检磁共振平扫', 1, NULL, NULL, NULL, 1, 670.00, NULL, NULL, NULL, NULL);
INSERT INTO `t_items_record` VALUES (16, 7, '体检肝体抗体', 4, NULL, NULL, NULL, 1, 23.00, NULL, NULL, NULL, NULL);
INSERT INTO `t_items_record` VALUES (17, 7, '体检磁共振平扫(肝胆平扫+增加)', 1, NULL, NULL, NULL, 1, 216.00, NULL, NULL, NULL, NULL);
INSERT INTO `t_items_record` VALUES (18, 8, '过敏源全套', 3, NULL, NULL, NULL, 4, 216.00, NULL, NULL, NULL, '2020-03-08 21:14:32');
INSERT INTO `t_items_record` VALUES (19, 8, '体检妇科', 2, NULL, NULL, NULL, 4, 41.00, NULL, NULL, NULL, '2020-03-08 21:14:26');
INSERT INTO `t_items_record` VALUES (20, 9, '体检外科普检', 5, NULL, NULL, NULL, 4, 10.00, NULL, NULL, NULL, '2020-03-08 21:14:35');
INSERT INTO `t_items_record` VALUES (21, 10, '过敏源全套', 3, NULL, NULL, NULL, 1, 216.00, NULL, NULL, NULL, NULL);
INSERT INTO `t_items_record` VALUES (22, 10, '食入性过敏源筛选', 6, NULL, NULL, NULL, 1, 99.00, NULL, NULL, NULL, NULL);
INSERT INTO `t_items_record` VALUES (23, 10, '体检磁共振平扫', 1, NULL, NULL, NULL, 1, 670.00, NULL, NULL, NULL, NULL);
INSERT INTO `t_items_record` VALUES (24, 11, '过敏源全套', 3, NULL, NULL, NULL, 1, 216.00, NULL, NULL, NULL, NULL);
INSERT INTO `t_items_record` VALUES (25, 11, '食入性过敏源筛选', 6, NULL, NULL, NULL, 1, 99.00, NULL, NULL, NULL, NULL);
INSERT INTO `t_items_record` VALUES (26, 11, '体检磁共振平扫', 1, NULL, NULL, NULL, 1, 670.00, NULL, NULL, NULL, NULL);
INSERT INTO `t_items_record` VALUES (32, 13, '体检肝体抗体', 4, NULL, NULL, NULL, 2, 23.00, NULL, NULL, NULL, NULL);
INSERT INTO `t_items_record` VALUES (33, 13, '体检磁共振平扫(肝胆平扫+增加)', 1, NULL, NULL, NULL, 2, 216.00, NULL, NULL, NULL, NULL);
INSERT INTO `t_items_record` VALUES (34, 13, '体检磁共振平扫', 1, NULL, NULL, NULL, 2, 670.00, NULL, NULL, NULL, NULL);
INSERT INTO `t_items_record` VALUES (35, 13, '体检脑CT', 1, NULL, NULL, NULL, 2, 218.00, NULL, NULL, NULL, NULL);
INSERT INTO `t_items_record` VALUES (36, 14, '体检外科普检', 5, '<p>身高170cm</p><p>体重60kg</p><p><img src=\"../assets/img/79d49c1b-dafb-44cd-86a7-07a55f4e4b5c.jpg\" alt=\"微信图片_20200401102949.jpg\" style=\"display:inline-block;max-width:65%;height:auto;\"><br></p><p><br></p>', NULL, 14, 3, 10.00, '2020-04-11 21:46:12', NULL, '2020-04-11 21:51:53', NULL);
INSERT INTO `t_items_record` VALUES (37, 15, '过敏源全套', 3, NULL, NULL, NULL, 2, 216.00, NULL, NULL, NULL, NULL);
INSERT INTO `t_items_record` VALUES (38, 15, '食入性过敏源筛选', 6, NULL, NULL, NULL, 2, 99.00, NULL, NULL, NULL, NULL);
INSERT INTO `t_items_record` VALUES (39, 15, '体检磁共振平扫', 1, NULL, NULL, NULL, 2, 670.00, NULL, NULL, NULL, NULL);
INSERT INTO `t_items_record` VALUES (40, 15, '体检肝体抗体', 4, NULL, NULL, 2, 5, 23.00, '2020-04-11 21:47:27', NULL, '2020-04-11 21:47:27', NULL);
INSERT INTO `t_items_record` VALUES (41, 15, '体检磁共振平扫(肝胆平扫+增加)', 1, NULL, NULL, NULL, 2, 216.00, NULL, NULL, NULL, NULL);
INSERT INTO `t_items_record` VALUES (42, 16, '过敏源全套', 3, NULL, NULL, NULL, 1, 216.00, NULL, NULL, NULL, NULL);
INSERT INTO `t_items_record` VALUES (43, 16, '食入性过敏源筛选', 6, NULL, NULL, NULL, 1, 99.00, NULL, NULL, NULL, NULL);
INSERT INTO `t_items_record` VALUES (44, 16, '体检磁共振平扫', 1, NULL, NULL, NULL, 1, 670.00, NULL, NULL, NULL, NULL);
INSERT INTO `t_items_record` VALUES (45, 16, '体检肝体抗体', 4, NULL, NULL, NULL, 1, 23.00, NULL, NULL, NULL, NULL);
INSERT INTO `t_items_record` VALUES (46, 16, '体检磁共振平扫(肝胆平扫+增加)', 1, NULL, NULL, NULL, 1, 216.00, NULL, NULL, NULL, NULL);
INSERT INTO `t_items_record` VALUES (47, 17, '过敏源全套', 3, '<p>健康</p><p><img src=\"../assets/img/e3460f50-009d-45da-b01d-f3117250a2d1.jpg\" alt=\"微信图片_20200401102949.jpg\"></p><p><br></p><p>健康</p>', NULL, 6, 3, 216.00, '2020-05-17 21:56:56', NULL, '2020-05-17 21:58:48', NULL);
INSERT INTO `t_items_record` VALUES (48, 17, '食入性过敏源筛选', 6, NULL, NULL, NULL, 2, 99.00, NULL, NULL, NULL, NULL);
INSERT INTO `t_items_record` VALUES (49, 17, '体检磁共振平扫', 1, NULL, NULL, NULL, 2, 670.00, NULL, NULL, NULL, NULL);
INSERT INTO `t_items_record` VALUES (50, 18, '体检外科普检', 5, NULL, NULL, NULL, 2, 10.00, NULL, NULL, NULL, NULL);

-- ----------------------------
-- Table structure for t_mec_record
-- ----------------------------
DROP TABLE IF EXISTS `t_mec_record`;
CREATE TABLE `t_mec_record`  (
  `MR_ID` int(10) NOT NULL AUTO_INCREMENT COMMENT '体检记录ID',
  `MR_NUMBER` varchar(10) CHARACTER SET utf8mb4 COLLATE utf8mb4_0900_ai_ci NULL DEFAULT NULL COMMENT '体检号码',
  `MR_CA_ID` int(10) NULL DEFAULT NULL COMMENT '卡ID',
  `MR_CO_NAME` varchar(255) CHARACTER SET utf8mb4 COLLATE utf8mb4_0900_ai_ci NULL DEFAULT NULL COMMENT '套餐名',
  `MR_PRICE` decimal(10, 2) NULL DEFAULT NULL COMMENT '消费金额',
  `MR_BIL_ID` int(10) NULL DEFAULT NULL COMMENT '开单人员ID',
  `MR_SA_ID` int(10) NULL DEFAULT NULL COMMENT '结算人员ID',
  `MR_DOC_ID` int(10) NULL DEFAULT NULL COMMENT '总检医生',
  `MR_GUIDE` varchar(2000) CHARACTER SET utf8mb4 COLLATE utf8mb4_0900_ai_ci NULL DEFAULT NULL COMMENT '总结指导',
  `MR_REQ` varchar(2000) CHARACTER SET utf8mb4 COLLATE utf8mb4_0900_ai_ci NULL DEFAULT NULL COMMENT '总结建议',
  `MR_STATE` int(2) NULL DEFAULT NULL COMMENT '状态',
  `MR_BIL_TIME` datetime(0) NULL DEFAULT NULL COMMENT '开单时间',
  `MR_SA_TIME` datetime(0) NULL DEFAULT NULL COMMENT '结算时间',
  `MR_MEMO` varchar(255) CHARACTER SET utf8mb4 COLLATE utf8mb4_0900_ai_ci NULL DEFAULT NULL COMMENT '备注',
  `MR_TIME` datetime(0) NULL DEFAULT NULL COMMENT '总检时间',
  PRIMARY KEY (`MR_ID`) USING BTREE
) ENGINE = InnoDB AUTO_INCREMENT = 18 CHARACTER SET = utf8mb4 COLLATE = utf8mb4_0900_ai_ci COMMENT = '体检记录表' ROW_FORMAT = Dynamic;

-- ----------------------------
-- Records of t_mec_record
-- ----------------------------
INSERT INTO `t_mec_record` VALUES (2, '7234951871', 1, '过敏磁共振套餐', 975.00, 1, 1, 1, '<img src=\"../assets/img/5df85a17-4dea-4243-8509-3fbbd572d58b.png\" alt=\"1.png\" style=\"display:inline-block;max-width:65%;height:auto;\">sdfdsfsffd', '<img src=\"../assets/img/9069f8ac-c006-4965-bdc4-df1186093cbb.jpg\" alt=\"158132046.jpg\" style=\"display:inline-block;max-width:65%;height:auto;\">dfsdf&nbsp;', 4, '2020-03-07 23:05:56', '2020-03-08 13:27:05', NULL, '2020-03-08 20:25:24');
INSERT INTO `t_mec_record` VALUES (3, '3289427664', 2, '过敏磁共振套餐,肝体抗体磁共振套餐', 1204.00, 1, NULL, NULL, NULL, NULL, 1, '2020-03-07 23:10:31', NULL, NULL, NULL);
INSERT INTO `t_mec_record` VALUES (4, '6304564957', 1, '体检肺功能CT', 336.00, 1, 1, NULL, NULL, NULL, 2, '2020-03-07 23:12:01', '2020-04-17 22:15:36', NULL, NULL);
INSERT INTO `t_mec_record` VALUES (5, '4635809463', 1, '体检肺功能CT', 336.00, 1, NULL, NULL, NULL, NULL, 1, '2020-03-07 23:14:01', NULL, NULL, NULL);
INSERT INTO `t_mec_record` VALUES (6, '0031758137', 1, '过敏磁共振套餐', 975.00, 1, NULL, NULL, NULL, NULL, 1, '2020-03-07 23:18:40', NULL, NULL, NULL);
INSERT INTO `t_mec_record` VALUES (7, '6938404594', 1, '肝体抗体磁共振套餐', 229.00, 1, NULL, NULL, NULL, NULL, 1, '2020-03-07 23:20:48', NULL, NULL, NULL);
INSERT INTO `t_mec_record` VALUES (8, '2515658661', 1, '妇科过敏套餐', 0.00, 1, 1, NULL, NULL, NULL, 2, '2020-03-07 23:23:07', '2020-03-08 21:14:06', NULL, NULL);
INSERT INTO `t_mec_record` VALUES (9, '6289729022', 1, '体检外科普检套餐', 0.00, 1, 1, NULL, NULL, NULL, 2, '2020-03-07 23:23:38', '2020-03-08 21:14:12', NULL, NULL);
INSERT INTO `t_mec_record` VALUES (10, '7239010908', 2, '过敏磁共振套餐', 975.00, 1, NULL, NULL, NULL, NULL, 1, '2020-03-07 23:27:41', NULL, NULL, NULL);
INSERT INTO `t_mec_record` VALUES (11, '9625134817', 2, '过敏磁共振套餐', 975.00, 1, NULL, NULL, NULL, NULL, 1, '2020-03-07 23:28:22', NULL, NULL, NULL);
INSERT INTO `t_mec_record` VALUES (13, '3351893350', 1, '肝体抗体磁共振套餐,磁共振脑CT套餐', 1117.00, NULL, NULL, NULL, NULL, NULL, 2, '2020-03-18 15:37:57', NULL, NULL, NULL);
INSERT INTO `t_mec_record` VALUES (14, '0889484778', 6, '体检外科普检套餐', 10.00, NULL, NULL, 11, '多运动，少吃油腻食品，少吃垃圾食品', '<p>健康</p><p><img src=\"../assets/img/fd135035-4ebc-45c6-839b-a61a77bca223.png\" alt=\"tydg-common-ewm-logo.png\" style=\"display:inline-block;max-width:65%;height:auto;\"><br></p><p><br></p>', 4, '2020-04-11 21:19:48', NULL, NULL, '2020-04-11 22:01:28');
INSERT INTO `t_mec_record` VALUES (15, '9438273454', 6, '过敏磁共振套餐,肝体抗体磁共振套餐', 1204.00, 1, 1, NULL, NULL, NULL, 2, '2020-04-11 21:25:01', '2020-04-11 21:26:57', NULL, NULL);
INSERT INTO `t_mec_record` VALUES (16, '4129857166', 6, '过敏磁共振套餐,肝体抗体磁共振套餐', 1204.00, 1, NULL, NULL, NULL, NULL, 1, '2020-04-11 21:25:04', NULL, NULL, NULL);
INSERT INTO `t_mec_record` VALUES (17, '9769386821', 7, '过敏磁共振套餐', 975.00, NULL, NULL, 6, '<p>保健指导保健指导保健指导保健指导保健指导</p>', '<p>总结和建议</p><p><br></p>  \n				    ', 4, '2020-05-17 21:52:05', NULL, NULL, '2020-05-17 22:01:22');
INSERT INTO `t_mec_record` VALUES (18, '0670325428', 7, '体检外科普检套餐', 10.00, NULL, NULL, NULL, NULL, NULL, 2, '2020-05-17 22:09:44', NULL, NULL, NULL);

-- ----------------------------
-- Table structure for t_menu
-- ----------------------------
DROP TABLE IF EXISTS `t_menu`;
CREATE TABLE `t_menu`  (
  `ME_ID` int(10) NOT NULL AUTO_INCREMENT COMMENT '菜单ID',
  `ME_NAME` varchar(255) CHARACTER SET utf8mb4 COLLATE utf8mb4_0900_ai_ci NULL DEFAULT NULL COMMENT '菜单名',
  `ME_PID` int(10) NULL DEFAULT NULL COMMENT 'PID',
  `ME_URL` varchar(255) CHARACTER SET utf8mb4 COLLATE utf8mb4_0900_ai_ci NULL DEFAULT NULL COMMENT '菜单路径',
  `ME_ICON` varchar(255) CHARACTER SET utf8mb4 COLLATE utf8mb4_0900_ai_ci NULL DEFAULT NULL COMMENT '菜单图标',
  `ME_MEMO` varchar(255) CHARACTER SET utf8mb4 COLLATE utf8mb4_0900_ai_ci NULL DEFAULT NULL COMMENT '备注',
  `ME_CREATE_TIME` datetime(0) NULL DEFAULT NULL COMMENT '创建时间',
  `ME_UPDATE_TIME` datetime(0) NULL DEFAULT NULL COMMENT '修改时间',
  PRIMARY KEY (`ME_ID`) USING BTREE
) ENGINE = InnoDB AUTO_INCREMENT = 30 CHARACTER SET = utf8mb4 COLLATE = utf8mb4_0900_ai_ci COMMENT = '菜单表' ROW_FORMAT = Dynamic;

-- ----------------------------
-- Records of t_menu
-- ----------------------------
INSERT INTO `t_menu` VALUES (1, '体检工作', 0, '-', 'layui-icon-rate-half', NULL, '2019-08-10 12:23:22', '2020-03-07 11:20:40');
INSERT INTO `t_menu` VALUES (2, '统计查询', 0, '-', 'layui-icon-form', NULL, '2019-08-10 12:23:22', '2019-08-10 12:23:22');
INSERT INTO `t_menu` VALUES (3, '收费工作', 0, '-', 'layui-icon-rmb', NULL, '2019-08-10 12:23:22', '2019-08-10 12:23:22');
INSERT INTO `t_menu` VALUES (4, '医生工作', 0, '-', 'layui-icon-user', NULL, '2019-08-10 12:23:22', '2019-08-10 12:23:22');
INSERT INTO `t_menu` VALUES (5, '卡片管理', 0, '-', 'layui-icon-file', NULL, '2019-08-10 12:23:22', '2019-08-10 12:23:22');
INSERT INTO `t_menu` VALUES (6, '系统管理', 0, '-', 'layui-icon-set', NULL, '2019-08-10 12:23:22', '2019-08-10 12:23:22');
INSERT INTO `t_menu` VALUES (7, '开单', 1, 'billingOrder.html', 'layui-icon-file-b', NULL, '2019-08-10 12:23:22', '2019-08-10 12:23:22');
INSERT INTO `t_menu` VALUES (8, '打印导检单和条码', 1, 'printLeadOrder.html', 'layui-icon-list', NULL, '2019-08-10 12:23:22', '2019-08-10 12:23:22');
INSERT INTO `t_menu` VALUES (9, '体检报告打印', 1, 'mecReport.html', 'layui-icon-list', NULL, '2019-08-10 12:23:22', '2019-08-10 12:23:22');
INSERT INTO `t_menu` VALUES (10, '体检退费', 1, 'backMoney.html', 'layui-icon-tips', NULL, '2019-08-10 12:23:22', '2019-08-10 12:23:22');
INSERT INTO `t_menu` VALUES (11, '体检综合查询', 2, 'mecRecordCheck.html', 'layui-icon-log', NULL, '2019-08-10 12:23:22', '2019-08-10 12:23:22');
INSERT INTO `t_menu` VALUES (12, '体检人员查询', 2, 'userQuery.html', 'layui-icon-log', NULL, '2019-08-10 12:23:22', '2019-08-10 12:23:22');
INSERT INTO `t_menu` VALUES (13, '开卡', 3, 'adminbuildcard.html', 'layui-icon-tabs', NULL, '2019-08-10 12:23:22', '2019-08-10 12:23:22');
INSERT INTO `t_menu` VALUES (14, '结算', 3, 'settleAccounts.html', 'layui-icon-form', NULL, '2019-08-10 12:23:22', '2019-08-10 12:23:22');
INSERT INTO `t_menu` VALUES (15, '个人对账', 3, 'acccount.html', 'layui-icon-table', NULL, '2019-08-10 12:23:22', '2019-08-10 12:23:22');
INSERT INTO `t_menu` VALUES (16, '项目接收', 4, 'itemsReceive.html', 'layui-icon-date', NULL, '2019-08-10 12:23:22', '2019-08-10 12:23:22');
INSERT INTO `t_menu` VALUES (17, '体检总结', 4, 'mecSummary.html', 'layui-icon-component', NULL, '2019-08-10 12:23:22', '2019-08-10 12:23:22');
INSERT INTO `t_menu` VALUES (18, '体验卡管理', 5, 'cardManager.html', 'layui-icon-password', NULL, '2019-08-10 12:23:23', '2019-08-10 12:23:23');
INSERT INTO `t_menu` VALUES (19, '人员管理', 6, 'personnelMg.html', 'layui-icon-username', NULL, '2019-08-10 12:23:23', '2019-08-10 12:23:23');
INSERT INTO `t_menu` VALUES (20, '角色管理', 6, 'roleManager.html', 'layui-icon-face-smile', NULL, '2019-08-10 12:23:23', '2019-08-10 12:23:23');
INSERT INTO `t_menu` VALUES (22, '科室设置', 6, 'DepartmentManager.html', 'layui-icon-read', NULL, '2019-08-10 12:23:23', '2019-08-10 12:23:23');
INSERT INTO `t_menu` VALUES (23, '细项设置', 6, 'itemManager.html', 'layui-icon-survey', NULL, '2019-08-10 12:23:23', '2019-08-10 12:23:23');
INSERT INTO `t_menu` VALUES (24, '项目配置', 6, 'itemsManager.html', 'layui-icon-app', NULL, '2019-08-10 12:23:23', '2019-08-10 12:23:23');
INSERT INTO `t_menu` VALUES (25, '套餐配置', 6, 'comboConfig.html', 'layui-icon-component', NULL, '2019-08-10 12:23:23', '2019-08-10 12:23:23');

-- ----------------------------
-- Table structure for t_mgrlog
-- ----------------------------
DROP TABLE IF EXISTS `t_mgrlog`;
CREATE TABLE `t_mgrlog`  (
  `ML_ID` int(10) NOT NULL AUTO_INCREMENT COMMENT '后台日志ID',
  `ML_AD_ID` int(10) NULL DEFAULT NULL COMMENT '人员ID',
  `ML_TYPE` varchar(255) CHARACTER SET utf8mb4 COLLATE utf8mb4_0900_ai_ci NULL DEFAULT NULL COMMENT '类型',
  `ML_REMARK` varchar(255) CHARACTER SET utf8mb4 COLLATE utf8mb4_0900_ai_ci NULL DEFAULT NULL COMMENT '描述',
  `ML_MEMO` varchar(255) CHARACTER SET utf8mb4 COLLATE utf8mb4_0900_ai_ci NULL DEFAULT NULL COMMENT '备注',
  `ML_CREATE_TIME` datetime(0) NULL DEFAULT NULL COMMENT '创建时间',
  PRIMARY KEY (`ML_ID`) USING BTREE
) ENGINE = InnoDB AUTO_INCREMENT = 168 CHARACTER SET = utf8mb4 COLLATE = utf8mb4_0900_ai_ci COMMENT = '后台日志表' ROW_FORMAT = Dynamic;

-- ----------------------------
-- Records of t_mgrlog
-- ----------------------------
INSERT INTO `t_mgrlog` VALUES (102, 1, '登录', '登录账号为：SUPER', NULL, '2020-04-08 13:36:10');
INSERT INTO `t_mgrlog` VALUES (103, 1, '登录', '登录账号为：SUPER', NULL, '2020-04-10 09:34:36');
INSERT INTO `t_mgrlog` VALUES (104, 1, '登录', '登录账号为：SUPER', NULL, '2020-04-11 10:32:58');
INSERT INTO `t_mgrlog` VALUES (105, 1, '卡入库', '管理员添加101张卡入库', NULL, '2020-04-11 10:40:25');
INSERT INTO `t_mgrlog` VALUES (106, 1, '增加细项', '增加了www细项', NULL, '2020-04-11 10:42:07');
INSERT INTO `t_mgrlog` VALUES (107, 1, '增加项目', '增加：ww项目', NULL, '2020-04-11 10:42:36');
INSERT INTO `t_mgrlog` VALUES (108, 1, '增加套餐', '增加了ww的套餐', NULL, '2020-04-11 10:43:00');
INSERT INTO `t_mgrlog` VALUES (109, 1, '下架套餐', '下架了：ww的套餐', NULL, '2020-04-11 10:43:10');
INSERT INTO `t_mgrlog` VALUES (110, 1, '上架套餐', '上架了ww的套餐', NULL, '2020-04-11 10:43:16');
INSERT INTO `t_mgrlog` VALUES (111, 1, '增加角色', '增加了测试1角色', NULL, '2020-04-11 10:57:36');
INSERT INTO `t_mgrlog` VALUES (112, 1, '增加角色', '增加了测试2角色', NULL, '2020-04-11 10:57:56');
INSERT INTO `t_mgrlog` VALUES (113, 1, '新增人员', '新增账号为：ceshi的人员', NULL, '2020-04-11 10:58:53');
INSERT INTO `t_mgrlog` VALUES (114, 13, '登录', '登录账号为：ceshi', NULL, '2020-04-11 10:59:08');
INSERT INTO `t_mgrlog` VALUES (115, 13, '登录', '登录账号为：ceshi', NULL, '2020-04-11 10:59:26');
INSERT INTO `t_mgrlog` VALUES (116, 1, '登录', '登录账号为：SUPER', NULL, '2020-04-11 11:04:33');
INSERT INTO `t_mgrlog` VALUES (117, 1, '登录', '登录账号为：SUPER', NULL, '2020-04-11 12:13:57');
INSERT INTO `t_mgrlog` VALUES (118, 1, '登录', '登录账号为：SUPER', NULL, '2020-04-11 20:53:17');
INSERT INTO `t_mgrlog` VALUES (119, 1, '登录', '登录账号为：SUPER', NULL, '2020-04-11 21:03:33');
INSERT INTO `t_mgrlog` VALUES (120, 1, '收费员售卡', '收费员操作账号为：SUPER', NULL, '2020-04-11 21:06:44');
INSERT INTO `t_mgrlog` VALUES (121, 1, '登录', '登录账号为：SUPER', NULL, '2020-04-11 21:23:24');
INSERT INTO `t_mgrlog` VALUES (122, 1, '开单', '开单,体检号码为[9438273454]', NULL, '2020-04-11 21:25:02');
INSERT INTO `t_mgrlog` VALUES (123, 1, '开单', '开单,体检号码为[4129857166]', NULL, '2020-04-11 21:25:04');
INSERT INTO `t_mgrlog` VALUES (124, 1, '充值', '操作账户为：SUPER', NULL, '2020-04-11 21:26:52');
INSERT INTO `t_mgrlog` VALUES (125, 1, '结算', '操作账号为:SUPER对体检记录[9438273454]作结算', NULL, '2020-04-11 21:26:57');
INSERT INTO `t_mgrlog` VALUES (126, 1, '新增人员', '新增账号为：waiyisheng的人员', NULL, '2020-04-11 21:43:00');
INSERT INTO `t_mgrlog` VALUES (127, 14, '登录', '登录账号为：waiyisheng', NULL, '2020-04-11 21:43:17');
INSERT INTO `t_mgrlog` VALUES (128, 1, '登录', '登录账号为：SUPER', NULL, '2020-04-11 21:43:36');
INSERT INTO `t_mgrlog` VALUES (129, 1, '编辑人员', '修改了账号为:waiyisheng的人员', NULL, '2020-04-11 21:43:53');
INSERT INTO `t_mgrlog` VALUES (130, 14, '登录', '登录账号为：waiyisheng', NULL, '2020-04-11 21:44:03');
INSERT INTO `t_mgrlog` VALUES (131, 2, '登录', '登录账号为：neike120', NULL, '2020-04-11 21:45:07');
INSERT INTO `t_mgrlog` VALUES (132, 14, '登录', '登录账号为：waiyisheng', NULL, '2020-04-11 21:45:53');
INSERT INTO `t_mgrlog` VALUES (133, 14, '接收项目', '外医生 接收了卡号为：FZ00000006 项目名为：体检外科普检 的项目', NULL, '2020-04-11 21:46:12');
INSERT INTO `t_mgrlog` VALUES (134, 2, '登录', '登录账号为：neike120', NULL, '2020-04-11 21:46:59');
INSERT INTO `t_mgrlog` VALUES (135, 2, '接收项目', '王内科医生 接收了卡号为：FZ00000006 项目名为：体检肝体抗体 的项目', NULL, '2020-04-11 21:47:27');
INSERT INTO `t_mgrlog` VALUES (136, 14, '登录', '登录账号为：waiyisheng', NULL, '2020-04-11 21:47:45');
INSERT INTO `t_mgrlog` VALUES (137, 14, ' 录入体检小结', '外医生 为卡号：FZ00000006 项目名为：体检外科普检 的项目录入了体检小结', NULL, '2020-04-11 21:51:53');
INSERT INTO `t_mgrlog` VALUES (138, 11, '登录', '登录账号为：zongjian120', NULL, '2020-04-11 21:56:04');
INSERT INTO `t_mgrlog` VALUES (139, 11, '体检总结', '总检员 给体检号为：0889484778 的体检记录做了体检总结', NULL, '2020-04-11 22:01:28');
INSERT INTO `t_mgrlog` VALUES (140, 1, '登录', '登录账号为：SUPER', NULL, '2020-04-11 22:06:59');
INSERT INTO `t_mgrlog` VALUES (141, 1, '打印体检报告', '打印,体检号码为[0889484778]', NULL, '2020-04-11 22:09:55');
INSERT INTO `t_mgrlog` VALUES (142, 1, '登录', '登录账号为：SUPER', NULL, '2020-04-17 14:03:50');
INSERT INTO `t_mgrlog` VALUES (143, 1, '登录', '登录账号为：SUPER', NULL, '2020-04-17 14:43:08');
INSERT INTO `t_mgrlog` VALUES (144, 1, '登录', '登录账号为：SUPER', NULL, '2020-04-17 16:08:40');
INSERT INTO `t_mgrlog` VALUES (145, 1, '新增人员', '新增账号为：试试的人员', NULL, '2020-04-17 16:09:47');
INSERT INTO `t_mgrlog` VALUES (146, 1, '编辑人员', '修改了账号为:试试的人员', NULL, '2020-04-17 16:10:06');
INSERT INTO `t_mgrlog` VALUES (147, 1, '编辑人员', '修改了账号为:试试的人员', NULL, '2020-04-17 16:10:06');
INSERT INTO `t_mgrlog` VALUES (148, 15, '登录', '登录账号为：shishi', NULL, '2020-04-17 16:11:04');
INSERT INTO `t_mgrlog` VALUES (149, 15, '编辑人员', '修改了账号为:shishi的人员', NULL, '2020-04-17 16:11:59');
INSERT INTO `t_mgrlog` VALUES (150, 15, '编辑人员', '修改了账号为:shishi的人员', NULL, '2020-04-17 16:11:59');
INSERT INTO `t_mgrlog` VALUES (151, 15, '登录', '登录账号为：shishi', NULL, '2020-04-17 16:12:09');
INSERT INTO `t_mgrlog` VALUES (152, 15, '登录', '登录账号为：shishi', NULL, '2020-04-17 16:12:31');
INSERT INTO `t_mgrlog` VALUES (153, 1, '登录', '登录账号为：SUPER', NULL, '2020-04-17 16:15:32');
INSERT INTO `t_mgrlog` VALUES (154, 1, '修改角色', '修改了测试1角色', NULL, '2020-04-17 16:16:13');
INSERT INTO `t_mgrlog` VALUES (155, 1, '修改角色', '修改了测试2角色', NULL, '2020-04-17 16:16:29');
INSERT INTO `t_mgrlog` VALUES (156, 1, '修改角色', '修改了测试1角色', NULL, '2020-04-17 16:16:40');
INSERT INTO `t_mgrlog` VALUES (157, 15, '登录', '登录账号为：shishi', NULL, '2020-04-17 16:17:04');
INSERT INTO `t_mgrlog` VALUES (158, 1, '登录', '登录账号为：SUPER', NULL, '2020-04-17 22:05:51');
INSERT INTO `t_mgrlog` VALUES (159, 1, '充值', '操作账户为：SUPER', NULL, '2020-04-17 22:15:25');
INSERT INTO `t_mgrlog` VALUES (160, 1, '结算', '操作账号为:SUPER对体检记录[6304564957]作结算', NULL, '2020-04-17 22:15:36');
INSERT INTO `t_mgrlog` VALUES (161, 1, '登录', '登录账号为：SUPER', NULL, '2020-05-17 21:46:07');
INSERT INTO `t_mgrlog` VALUES (162, 1, '登录', '登录账号为：SUPER', NULL, '2020-05-17 21:46:27');
INSERT INTO `t_mgrlog` VALUES (163, 1, '收费员售卡', '收费员操作账号为：SUPER', NULL, '2020-05-17 21:47:49');
INSERT INTO `t_mgrlog` VALUES (164, 6, '登录', '登录账号为：pifu120', NULL, '2020-05-17 21:56:25');
INSERT INTO `t_mgrlog` VALUES (165, 6, '接收项目', '范皮肤科医生 接收了卡号为：fz00000007 项目名为：过敏源全套 的项目', NULL, '2020-05-17 21:56:56');
INSERT INTO `t_mgrlog` VALUES (166, 6, ' 录入体检小结', '范皮肤科医生 为卡号：fz00000007 项目名为：过敏源全套 的项目录入了体检小结', NULL, '2020-05-17 21:58:48');
INSERT INTO `t_mgrlog` VALUES (167, 6, '登录', '登录账号为：pifu120', NULL, '2020-05-17 21:59:24');
INSERT INTO `t_mgrlog` VALUES (168, 6, '体检总结', '范皮肤科医生 给体检号为：9769386821 的体检记录做了体检总结', NULL, '2020-05-17 22:01:22');

-- ----------------------------
-- Table structure for t_role
-- ----------------------------
DROP TABLE IF EXISTS `t_role`;
CREATE TABLE `t_role`  (
  `RO_ID` int(10) NOT NULL AUTO_INCREMENT COMMENT '角色ID',
  `RO_NAME` varchar(255) CHARACTER SET utf8mb4 COLLATE utf8mb4_0900_ai_ci NULL DEFAULT NULL COMMENT '角色名',
  `RO_MEMO` varchar(255) CHARACTER SET utf8mb4 COLLATE utf8mb4_0900_ai_ci NULL DEFAULT NULL COMMENT '备注',
  `RO_CREATE_TIME` datetime(0) NULL DEFAULT NULL COMMENT '创建时间',
  `RO_UPDATE_TIME` datetime(0) NULL DEFAULT NULL COMMENT '修改时间',
  PRIMARY KEY (`RO_ID`) USING BTREE
) ENGINE = InnoDB AUTO_INCREMENT = 10 CHARACTER SET = utf8mb4 COLLATE = utf8mb4_0900_ai_ci COMMENT = '角色表' ROW_FORMAT = Dynamic;

-- ----------------------------
-- Records of t_role
-- ----------------------------
INSERT INTO `t_role` VALUES (1, '超级管理员', NULL, '2019-08-10 12:23:23', '2019-08-10 12:23:23');
INSERT INTO `t_role` VALUES (2, '收费员', NULL, '2019-08-10 12:23:23', '2019-08-10 12:23:23');
INSERT INTO `t_role` VALUES (3, '医生', NULL, '2019-08-10 12:23:23', '2019-08-10 12:23:23');
INSERT INTO `t_role` VALUES (4, '管理员', NULL, '2019-08-10 12:23:23', '2019-08-10 12:23:23');
INSERT INTO `t_role` VALUES (5, '总检员', NULL, '2019-08-10 12:23:23', '2019-08-10 12:23:23');
INSERT INTO `t_role` VALUES (7, '开单员', NULL, '2019-08-10 12:23:23', '2020-03-30 23:10:54');
INSERT INTO `t_role` VALUES (9, '测试1', NULL, '2020-04-11 10:57:36', '2020-04-17 16:16:40');
INSERT INTO `t_role` VALUES (10, '测试2', NULL, '2020-04-11 10:57:56', '2020-04-17 16:16:29');

-- ----------------------------
-- Table structure for t_role_menu_link
-- ----------------------------
DROP TABLE IF EXISTS `t_role_menu_link`;
CREATE TABLE `t_role_menu_link`  (
  `RML_ID` int(10) NOT NULL AUTO_INCREMENT COMMENT '角色菜单关系ID',
  `RML_RO_ID` int(10) NULL DEFAULT NULL COMMENT '角色ID',
  `RML_ME_ID` int(10) NULL DEFAULT NULL COMMENT '菜单ID',
  PRIMARY KEY (`RML_ID`) USING BTREE
) ENGINE = InnoDB AUTO_INCREMENT = 154 CHARACTER SET = utf8mb4 COLLATE = utf8mb4_0900_ai_ci COMMENT = '角色菜单关系表' ROW_FORMAT = Dynamic;

-- ----------------------------
-- Records of t_role_menu_link
-- ----------------------------
INSERT INTO `t_role_menu_link` VALUES (1, 1, 1);
INSERT INTO `t_role_menu_link` VALUES (2, 1, 2);
INSERT INTO `t_role_menu_link` VALUES (3, 1, 3);
INSERT INTO `t_role_menu_link` VALUES (4, 1, 4);
INSERT INTO `t_role_menu_link` VALUES (5, 1, 5);
INSERT INTO `t_role_menu_link` VALUES (6, 1, 6);
INSERT INTO `t_role_menu_link` VALUES (7, 1, 7);
INSERT INTO `t_role_menu_link` VALUES (8, 1, 8);
INSERT INTO `t_role_menu_link` VALUES (9, 1, 9);
INSERT INTO `t_role_menu_link` VALUES (10, 1, 10);
INSERT INTO `t_role_menu_link` VALUES (11, 1, 11);
INSERT INTO `t_role_menu_link` VALUES (12, 1, 12);
INSERT INTO `t_role_menu_link` VALUES (13, 1, 13);
INSERT INTO `t_role_menu_link` VALUES (14, 1, 14);
INSERT INTO `t_role_menu_link` VALUES (15, 1, 15);
INSERT INTO `t_role_menu_link` VALUES (16, 1, 16);
INSERT INTO `t_role_menu_link` VALUES (17, 1, 17);
INSERT INTO `t_role_menu_link` VALUES (18, 1, 18);
INSERT INTO `t_role_menu_link` VALUES (19, 1, 19);
INSERT INTO `t_role_menu_link` VALUES (20, 1, 20);
INSERT INTO `t_role_menu_link` VALUES (21, 1, 21);
INSERT INTO `t_role_menu_link` VALUES (22, 1, 22);
INSERT INTO `t_role_menu_link` VALUES (23, 1, 23);
INSERT INTO `t_role_menu_link` VALUES (24, 1, 24);
INSERT INTO `t_role_menu_link` VALUES (25, 1, 25);
INSERT INTO `t_role_menu_link` VALUES (26, 1, 26);
INSERT INTO `t_role_menu_link` VALUES (27, 1, 27);
INSERT INTO `t_role_menu_link` VALUES (28, 1, 28);
INSERT INTO `t_role_menu_link` VALUES (29, 2, 13);
INSERT INTO `t_role_menu_link` VALUES (30, 2, 14);
INSERT INTO `t_role_menu_link` VALUES (31, 2, 15);
INSERT INTO `t_role_menu_link` VALUES (32, 3, 16);
INSERT INTO `t_role_menu_link` VALUES (33, 5, 17);
INSERT INTO `t_role_menu_link` VALUES (34, 4, 1);
INSERT INTO `t_role_menu_link` VALUES (35, 4, 2);
INSERT INTO `t_role_menu_link` VALUES (36, 4, 3);
INSERT INTO `t_role_menu_link` VALUES (37, 4, 4);
INSERT INTO `t_role_menu_link` VALUES (38, 4, 5);
INSERT INTO `t_role_menu_link` VALUES (39, 4, 6);
INSERT INTO `t_role_menu_link` VALUES (40, 4, 7);
INSERT INTO `t_role_menu_link` VALUES (41, 4, 8);
INSERT INTO `t_role_menu_link` VALUES (42, 4, 9);
INSERT INTO `t_role_menu_link` VALUES (43, 4, 10);
INSERT INTO `t_role_menu_link` VALUES (44, 4, 11);
INSERT INTO `t_role_menu_link` VALUES (45, 4, 12);
INSERT INTO `t_role_menu_link` VALUES (46, 4, 18);
INSERT INTO `t_role_menu_link` VALUES (47, 4, 19);
INSERT INTO `t_role_menu_link` VALUES (48, 4, 20);
INSERT INTO `t_role_menu_link` VALUES (49, 4, 21);
INSERT INTO `t_role_menu_link` VALUES (50, 4, 22);
INSERT INTO `t_role_menu_link` VALUES (51, 4, 23);
INSERT INTO `t_role_menu_link` VALUES (52, 4, 24);
INSERT INTO `t_role_menu_link` VALUES (53, 4, 25);
INSERT INTO `t_role_menu_link` VALUES (54, 4, 26);
INSERT INTO `t_role_menu_link` VALUES (55, 4, 27);
INSERT INTO `t_role_menu_link` VALUES (56, 4, 28);
INSERT INTO `t_role_menu_link` VALUES (57, 2, 3);
INSERT INTO `t_role_menu_link` VALUES (58, 3, 4);
INSERT INTO `t_role_menu_link` VALUES (59, 5, 4);
INSERT INTO `t_role_menu_link` VALUES (87, NULL, 3);
INSERT INTO `t_role_menu_link` VALUES (88, NULL, 13);
INSERT INTO `t_role_menu_link` VALUES (89, NULL, 14);
INSERT INTO `t_role_menu_link` VALUES (90, NULL, 15);
INSERT INTO `t_role_menu_link` VALUES (106, 7, 1);
INSERT INTO `t_role_menu_link` VALUES (107, 7, 7);
INSERT INTO `t_role_menu_link` VALUES (108, 7, 8);
INSERT INTO `t_role_menu_link` VALUES (109, 7, 9);
INSERT INTO `t_role_menu_link` VALUES (110, 7, 10);
INSERT INTO `t_role_menu_link` VALUES (111, NULL, 1);
INSERT INTO `t_role_menu_link` VALUES (112, NULL, 7);
INSERT INTO `t_role_menu_link` VALUES (113, NULL, 8);
INSERT INTO `t_role_menu_link` VALUES (114, NULL, 9);
INSERT INTO `t_role_menu_link` VALUES (115, NULL, 10);
INSERT INTO `t_role_menu_link` VALUES (116, NULL, 2);
INSERT INTO `t_role_menu_link` VALUES (117, NULL, 11);
INSERT INTO `t_role_menu_link` VALUES (118, NULL, 12);
INSERT INTO `t_role_menu_link` VALUES (126, NULL, 2);
INSERT INTO `t_role_menu_link` VALUES (127, NULL, 11);
INSERT INTO `t_role_menu_link` VALUES (128, NULL, 12);
INSERT INTO `t_role_menu_link` VALUES (129, NULL, 3);
INSERT INTO `t_role_menu_link` VALUES (130, NULL, 13);
INSERT INTO `t_role_menu_link` VALUES (131, NULL, 14);
INSERT INTO `t_role_menu_link` VALUES (132, NULL, 15);
INSERT INTO `t_role_menu_link` VALUES (140, 10, 2);
INSERT INTO `t_role_menu_link` VALUES (141, 10, 11);
INSERT INTO `t_role_menu_link` VALUES (142, 10, 12);
INSERT INTO `t_role_menu_link` VALUES (143, 10, 3);
INSERT INTO `t_role_menu_link` VALUES (144, 10, 13);
INSERT INTO `t_role_menu_link` VALUES (145, 10, 14);
INSERT INTO `t_role_menu_link` VALUES (146, 10, 15);
INSERT INTO `t_role_menu_link` VALUES (147, 9, 1);
INSERT INTO `t_role_menu_link` VALUES (148, 9, 7);
INSERT INTO `t_role_menu_link` VALUES (149, 9, 8);
INSERT INTO `t_role_menu_link` VALUES (150, 9, 9);
INSERT INTO `t_role_menu_link` VALUES (151, 9, 10);
INSERT INTO `t_role_menu_link` VALUES (152, 9, 2);
INSERT INTO `t_role_menu_link` VALUES (153, 9, 11);
INSERT INTO `t_role_menu_link` VALUES (154, 9, 12);

-- ----------------------------
-- Table structure for t_user
-- ----------------------------
DROP TABLE IF EXISTS `t_user`;
CREATE TABLE `t_user`  (
  `US_ID` int(10) NOT NULL AUTO_INCREMENT COMMENT '用户ID',
  `US_NAME` varchar(255) CHARACTER SET utf8mb4 COLLATE utf8mb4_0900_ai_ci NULL DEFAULT NULL COMMENT '姓名',
  `US_SEX` int(1) NULL DEFAULT NULL COMMENT '性别',
  `US_AGE` int(3) NULL DEFAULT NULL COMMENT '年龄',
  `US_BLOODTYPE` int(1) NULL DEFAULT NULL COMMENT '血型',
  `US_BIRTHDAY` datetime(0) NULL DEFAULT NULL COMMENT '出生日期',
  `US_PHONE` varchar(11) CHARACTER SET utf8mb4 COLLATE utf8mb4_0900_ai_ci NULL DEFAULT NULL COMMENT '电话',
  `US_ADDRESS` varchar(500) CHARACTER SET utf8mb4 COLLATE utf8mb4_0900_ai_ci NULL DEFAULT NULL COMMENT '住址',
  `US_NATIVEPLACE` varchar(50) CHARACTER SET utf8mb4 COLLATE utf8mb4_0900_ai_ci NULL DEFAULT NULL COMMENT '籍贯',
  `US_MEMO` varchar(255) CHARACTER SET utf8mb4 COLLATE utf8mb4_0900_ai_ci NULL DEFAULT NULL COMMENT '备注',
  `US_CREATE_TIME` datetime(0) NULL DEFAULT NULL COMMENT '创建时间',
  `US_UPDATE_TIME` datetime(0) NULL DEFAULT NULL COMMENT '修改时间',
  PRIMARY KEY (`US_ID`) USING BTREE
) ENGINE = InnoDB AUTO_INCREMENT = 10 CHARACTER SET = utf8mb4 COLLATE = utf8mb4_0900_ai_ci COMMENT = '体检人员表' ROW_FORMAT = Dynamic;

-- ----------------------------
-- Records of t_user
-- ----------------------------
INSERT INTO `t_user` VALUES (1, '韩庚', 1, 27, 3, '1992-07-02 00:00:00', '14023941232', '北京市朝阳区建国路 91 号', '北京朝阳', '大明星', '2019-08-10 12:23:26', '2019-08-10 12:23:26');
INSERT INTO `t_user` VALUES (2, '杨幂', 0, 28, 2, '1993-09-04 00:00:00', '13573829176', '北京市朝阳区霄云路26号鹏润大厦B座2603室', '北京朝阳', '大明星', '2019-08-10 12:23:26', '2019-08-10 12:23:26');
INSERT INTO `t_user` VALUES (3, '周杰伦', 1, 40, 2, '1979-01-18 00:00:00', '13948597654', '台北市长春路', '台湾台北', '董事长', '2019-08-10 12:23:26', '2019-08-10 12:23:26');
INSERT INTO `t_user` VALUES (4, '马化腾', 1, 48, 2, '1971-10-29 00:00:00', '15019414094', '深圳市南山区高新科技园北区', '广东汕头', '腾讯集团CEO,中国首富', '2019-08-10 12:23:26', '2019-08-10 12:23:26');
INSERT INTO `t_user` VALUES (8, '王五', 0, 1, 1, '2020-03-01 00:00:00', '12345678911', '大大撒', '上海黄浦', '打算', '2020-03-08 12:22:16', '2020-03-08 12:22:16');
INSERT INTO `t_user` VALUES (9, '王二柱', 1, 31, NULL, '1989-04-11 00:00:00', '15962482414', '北京市朝阳区某某小区某某楼502', NULL, NULL, '2020-04-11 21:06:44', '2020-04-11 21:06:44');
INSERT INTO `t_user` VALUES (10, '百里守约', 1, 16, NULL, '2004-05-17 00:00:00', '13456789541', '王者峡谷', NULL, NULL, '2020-05-17 21:47:49', '2020-05-17 21:47:49');

SET FOREIGN_KEY_CHECKS = 1;
